Workbook

Sheet Readme
A1: 2018 Central Park Squirrel Census Data Workbook - README
A3: OVERVIEW
A4: This workbook contains the original 2018 Central Park Squirrel Census data from NYC Open Data (~3,023 squirrel sightings), two synthetic datasets (Fake: pure random; Empirical Random: weighted sampling to match real distributions), detailed profile analyses for each, and a comparison dashboard. Purpose: demonstrate realistic vs. unrealistic synthetic data generation techniques and their impact on analysis results.
A6: DATA SHEETS
A7: Squirrel_Data
A8: • Original real dataset from NYC Open Data (2018 Central Park Squirrel Census).
A9: • ~3,023 sightings with location (X/Y, Lat/Long), demographics (Age, Primary Fur Color), behaviors (Running, Foraging, etc.), interactions, vocalizations. Columns A-AE. Excel Table: SquirrelData. Ground truth for distributions.
A11: Fake_Squirrel_Data
A12: • Synthetic dataset using pure random (uniform) randomization. ~1,000 rows, columns A-AC.
A13: • Values chosen independently without regard to real frequencies. Used to show unrealistic distributions.
A15: Empirical_Random_Squirrel_Data
A16: • Synthetic dataset generated with weighted random sampling based on real data distributions. ~1,000 rows, columns A-AC.
... A64: NYC Open Data - 2018 Central Park Squirrel Census - Squirrel Data
A65: =HYPERLINK("https://data.cityofnewyork.us/Environment/2018-Central-Park-Squirrel-Census-Squirrel-Data/vfnx-vebw", "Open in NYC Open Data") -> Open in NYC Open Data
A66: (Full URL: https://data.cityofnewyork.us/Environment/2018-Central-Park-Squirrel-Census-Squirrel-Data/vfnx-vebw)

Sheet Comparison
A1: Profile vs Fake Profile vs Empirical Random Profile Comparison
A3: KEY DISTRIBUTION COMPARISON (% of Total)
A4: Category | B4: Profile % | C4: Fake Profile % | D4: Diff (pp) | E4: Emp. Random % | F4: Diff (ER vs Real)
A5: PM Shift | B5: =Profile!C14 -> 0.55441614 | C5: ='Fake Profile'!C14 -> 0.527 | D5: =B5-C5 -> 0.027416143 | E5: ='Empirical Random Profile'!C14 -> 0.559 | F5: =B5-E5 -> -0.0045838571
A6: Adult Age | B6: =Profile!C19 -> 0.84948726 | C6: ='Fake Profile'!C19 -> 0.33 | D6: =B6-C6 -> 0.51948726 | E6: ='Empirical Random Profile'!C19 -> 0.88 | F6: =B6-E6 -> -0.030512736
A7: Gray Fur | B7: =Profile!C27 -> 0.81806153 | C7: ='Fake Profile'!C27 -> 0.332 | D7: =B7-C7 -> 0.48606153 | E7: ='Empirical Random Profile'!C27 -> 0.83 | F7: =B7-E7 -> -0.011938472
A8: Ground Plane Location | B8: =Profile!C35 -> 0.69996692 | C8: ='Fake Profile'!C35 -> 0.479 | D8: =B8-C8 -> 0.22096692 | E8: ='Empirical Random Profile'!C35 -> 0.712 | F8: =B8-E8 -> -0.01203308
A9: Foraging Behavior | B9: =Profile!C46 -> 0.47469401 | C9: ='Fake Profile'!C46 -> 0.501 | D9: =B9-C9 -> -0.026305987 | E9: ='Empirical Random Profile'!C46 -> 0.436 | F9: =B9-E9 -> 0.038694013
A10: Indifferent Interaction | B10: =Profile!C53 -> 0.48097916 | C10: ='Fake Profile'!C53 -> 0.503 | D10: =B10-C10 -> -0.02202084 | E10: ='Empirical Random Profile'!C53 -> 0.485 | F10: =B10-E10 -> -0.0040208402
A12: AGE COMPARISON
A13: Age | B13: Real Count | C13: Real % (3023) | D13: Fake Count | E13: Fake % (1000) | F13: Diff (pp) | G13: Emp. Random Count | H13: Emp. Random % (1000) | I13: Diff (ER vs Real)
A14: Adult | B14: =Profile!B19 -> 2568 | C14: =B14/3023 -> 0.84948726 | D14: ='Fake Profile'!B19 -> 330 | E14: =D14/1000 -> 0.33 | F14: =C14-E14 -> 0.51948726 | G14: ='Empirical Random Profile'!B19 -> 880 | H14: =G14/1000 -> 0.88 | I14: =C14-H14 -> -0.030512736
A15: Juvenile | B15: =Profile!B20 -> 330 | C15: =B15/3023 -> 0.10916308 | D15: ='Fake Profile'!B20 -> 337 | E15: =D15/1000 -> 0.337 | F15: =C15-E15 -> -0.22783692 | G15: ='Empirical Random Profile'!B20 -> 118 | H15: =G15/1000 -> 0.118 | I15: =C15-H15 -> -0.008836917
A16: Unknown (?) | B16: =Profile!B21 -> 4 | C16: =B16/3023 -> 0.0013231889 | D16: ='Fake Profile'!B21 -> 333 | E16: =D16/1000 -> 0.333 | F16: =C16-E16 -> -0.33167681 | G16: ='Empirical Random Profile'!B21 -> 2 | H16: =G16/1000 -> 0.002 | I16: =C16-H16 -> -0.00067681111
A17: (blank) | B17: =Profile!B22 -> 121 | C17: =B17/3023 -> 0.040026464 | D17: ='Fake Profile'!B22 -> 0 | E17: =D17/1000 -> 0 | F17: =C17-E17 -> 0.040026464 | G17: =0 -> 0 | H17: =G17/1000 -> 0 | I17: =C17-H17 -> 0.040026464
A18: Total | B18: =SUM(B14:B16) -> 2902 | C18: =SUM(C14:C16) -> 0.95997354 | D18: =SUM(D14:D16) -> 1000 | E18: =SUM(E14:E16) -> 1 | F18: =C18-E18 -> -0.040026464 | G18: ='Empirical Random Profile'!B23 -> 1000 | H18: =G18/1000 -> 1 | I18: =C18-H18 -> -0.040026464
A20: PRIMARY FUR COLOR COMPARISON
A21: Color | B21: Real Count | C21: Real % (3023) | D21: Fake Count | E21: Fake % (1000) | F21: Diff (pp) | G21: Emp. Random Count | H21: Emp. Random % (1000) | I21: Diff (ER vs Real)
A22: Gray | B22: =Profile!B27 -> 2473 | C22: =B22/3023 -> 0.81806153 | D22: ='Fake Profile'!B27 -> 332 | E22: =D22/1000 -> 0.332 | F22: =C22-E22 -> 0.48606153 | G22: ='Empirical Random Profile'!B27 -> 830 | H22: =G22/1000 -> 0.83 | I22: =C22-H22 -> -0.011938472
A23: Cinnamon | B23: =Profile!B28 -> 392 | C23: =B23/3023 -> 0.12967251 | D23: ='Fake Profile'!B28 -> 346 | E23: =D23/1000 -> 0.346 | F23: =C23-E23 -> -0.21632749 | G23: ='Empirical Random Profile'!B28 -> 138 | H23: =G23/1000 -> 0.138 | I23: =C23-H23 -> -0.0083274892
A24: Black | B24: =Profile!B29 -> 103 | C24: =B24/3023 -> 0.034072114 | D24: ='Fake Profile'!B29 -> 322 | E24: =D24/1000 -> 0.322 | F24: =C24-E24 -> -0.28792789 | G24: ='Empirical Random Profile'!B29 -> 32 | H24: =G24/1000 -> 0.032 | I24: =C24-H24 -> 0.0020721138
A25: Other/Blank | B25: =Profile!B30 -> 55 | C25: =B25/3023 -> 0.018193847 | D25: ='Fake Profile'!B30 -> 0 | E25: =D25/1000 -> 0 | F25: =C25-E25 -> 0.018193847 | G25: ='Empirical Random Profile'!B30 -> 0 | H25: =G25/1000 -> 0 | I25: =C25-H25 -> 0.018193847
A26: Total | B26: =SUM(B22:B25) -> 3023 | C26: =SUM(C22:C25) -> 1 | D26: =SUM(D22:D25) -> 1000 | E26: =SUM(E22:E25) -> 1 | F26: =C26-E26 -> 0 | G26: ='Empirical Random Profile'!B31 -> 1000 | H26: =G26/1000 -> 1 | I26: =C26-H26 -> 0
A28: BEHAVIORS & ACTIVITIES COMPARISON
A29: Behavior | B29: Real Count | C29: Real % (3023) | D29: Fake Count | E29: Fake % (1000) | F29: Diff (pp) | G29: Emp. Random Count | H29: Emp. Random % (1000) | I29: Diff (ER vs Real)
A30: Running | B30: =Profile!B42 -> 730 | C30: =B30/3023 -> 0.24148197 | D30: ='Fake Profile'!B42 -> 491 | E30: =D30/1000 -> 0.491 | F30: =C30-E30 -> -0.24951803 | G30: ='Empirical Random Profile'!B42 -> 261 | H30: =G30/1000 -> 0.261 | I30: =C30-H30 -> -0.019518028
A31: Chasing | B31: =Profile!B43 -> 279 | C31: =B31/3023 -> 0.092292425 | D31: ='Fake Profile'!B43 -> 471 | E31: =D31/1000 -> 0.471 | F31: =C31-E31 -> -0.37870758 | G31: ='Empirical Random Profile'!B43 -> 91 | H31: =G31/1000 -> 0.091 | I31: =C31-H31 -> 0.0012924247
A32: Climbing | B32: =Profile!B44 -> 658 | C32: =B32/3023 -> 0.21766457 | D32: ='Fake Profile'!B44 -> 490 | E32: =D32/1000 -> 0.49 | F32: =C32-E32 -> -0.27233543 | G32: ='Empirical Random Profile'!B44 -> 231 | H32: =G32/1000 -> 0.231 | I32: =C32-H32 -> -0.013335428
A33: Eating | B33: =Profile!B45 -> 760 | C33: =B33/3023 -> 0.25140589 | D33: ='Fake Profile'!B45 -> 513 | E33: =D33/1000 -> 0.513 | F33: =C33-E33 -> -0.26159411 | G33: ='Empirical Random Profile'!B45 -> 248 | H33: =G33/1000 -> 0.248 | I33: =C33-H33 -> 0.0034058882
A34: Foraging | B34: =Profile!B46 -> 1435 | C34: =B34/3023 -> 0.47469401 | D34: ='Fake Profile'!B46 -> 501 | E34: =D34/1000 -> 0.501 | F34: =C34-E34 -> -0.026305987 | G34: ='Empirical Random Profile'!B46 -> 436 | H34: =G34/1000 -> 0.436 | I34: =C34-H34 -> 0.038694013
A35: Kuks | B35: =Profile!B47 -> 102 | C35: =B35/3023 -> 0.033741317 | D35: ='Fake Profile'!B47 -> 510 | E35: =D35/1000 -> 0.51 | F35: =C35-E35 -> -0.47625868 | G35: ='Empirical Random Profile'!B47 -> 35 | H35: =G35/1000 -> 0.035 | I35: =C35-H35 -> -0.0012586834
A36: Quaas | B36: =Profile!B48 -> 50 | C36: =B36/3023 -> 0.016539861 | D36: ='Fake Profile'!B48 -> 497 | E36: =D36/1000 -> 0.497 | F36: =C36-E36 -> -0.48046014 | G36: ='Empirical Random Profile'!B48 -> 17 | H36: =G36/1000 -> 0.017 | I36: =C36-H36 -> -0.00046013893
A37: Moans | B37: =Profile!B49 -> 3 | C37: =B37/3023 -> 0.00099239166 | D37: ='Fake Profile'!B49 -> 479 | E37: =D37/1000 -> 0.479 | F37: =C37-E37 -> -0.47800761 | G37: ='Empirical Random Profile'!B49 -> 0 | H37: =G37/1000 -> 0 | I37: =C37-H37 -> 0.00099239166
A38: Tail flags | B38: =Profile!B50 -> 155 | C38: =B38/3023 -> 0.051273569 | D38: ='Fake Profile'!B50 -> 513 | E38: =D38/1000 -> 0.513 | F38: =C38-E38 -> -0.46172643 | G38: ='Empirical Random Profile'!B50 -> 50 | H38: =G38/1000 -> 0.05 | I38: =C38-H38 -> 0.0012735693
A39: Tail twitches | B39: =Profile!B51 -> 434 | C39: =B39/3023 -> 0.14356599 | D39: ='Fake Profile'!B51 -> 492 | E39: =D39/1000 -> 0.492 | F39: =C39-E39 -> -0.34843401 | G39: ='Empirical Random Profile'!B51 -> 143 | H39: =G39/1000 -> 0.143 | I39: =C39-H39 -> 0.00056599405
A40: Approaches | B40: =Profile!B52 -> 178 | C40: =B40/3023 -> 0.058881905 | D40: ='Fake Profile'!B52 -> 505 | E40: =D40/1000 -> 0.505 | F40: =C40-E40 -> -0.44611809 | G40: ='Empirical Random Profile'!B52 -> 48 | H40: =G40/1000 -> 0.048 | I40: =C40-H40 -> 0.010881905
A41: Indifferent | B41: =Profile!B53 -> 1454 | C41: =B41/3023 -> 0.48097916 | D41: ='Fake Profile'!B53 -> 503 | E41: =D41/1000 -> 0.503 | F41: =C41-E41 -> -0.02202084 | G41: ='Empirical Random Profile'!B53 -> 485 | H41: =G41/1000 -> 0.485 | I41: =C41-H41 -> -0.0040208402
... A43: Other Interactions | B43: =Profile!B55 -> 240 | C43: =B43/3023 -> 0.079391333 | D43: ='Fake Profile'!B55 -> 1000 | E43: =D43/1000 -> 1 | F43: =C43-E43 -> -0.92060867 | G43: ='Empirical Random Profile'!B55 -> 1000 | H43: =G43/1000 -> 1 | I43: =C43-H43 -> -0.92060867
A44: Total (sum of flags) | B44: =SUM(B30:B43) -> 7156 | C44: =SUM(C30:C43) -> 2.3671849 | D44: =SUM(D30:D43) -> 7448 | E44: =D44/1000 -> 7.448 | F44: =C44-E44 -> -5.0808151 | G44: ='Empirical Random Profile'!B56 -> 3262 | H44: =G44/1000 -> 3.262 | I44: =C44-H44 -> -0.89481508
A46: Chart Data - Age Distribution %
A47: Age | B47: Real % | C47: Fake % | D47: Emp. Rand. %
A48: Adult | B48: =C14 -> 0.84948726 | C48: =E14 -> 0.33 | D48: =H14 -> 0.88
A49: Juvenile | B49: =C15 -> 0.10916308 | C49: =E15 -> 0.337 | D49: =H15 -> 0.118
A50: Unknown (?) | B50: =C16 -> 0.0013231889 | C50: =E16 -> 0.333 | D50: =H16 -> 0.002
A52: Chart Data - Primary Fur Color %
A53: Color | B53: Real % | C53: Fake % | D53: Emp. Rand. %
A54: Gray | B54: =C22 -> 0.81806153 | C54: =E22 -> 0.332 | D54: =H22 -> 0.83
A55: Cinnamon | B55: =C23 -> 0.12967251 | C55: =E23 -> 0.346 | D55: =H23 -> 0.138
A56: Black | B56: =C24 -> 0.034072114 | C56: =E24 -> 0.322 | D56: =H24 -> 0.032
A57: Other/Blank | B57: =C25 -> 0.018193847 | C57: =E25 -> 0 | D57: =H25 -> 0
A59: Chart Data - Behaviors & Activities %
A60: Behavior | B60: Real % | C60: Fake % | D60: Emp. Rand. %
A61: Running | B61: =C32 -> 0.21766457 | C61: =E32 -> 0.49 | D61: =H32 -> 0.231
A62: Chasing | B62: =C33 -> 0.25140589 | C62: =E33 -> 0.513 | D62: =H33 -> 0.248
A63: Climbing | B63: =C34 -> 0.47469401 | C63: =E34 -> 0.501 | D63: =H34 -> 0.436
A64: Eating | B64: =C35 -> 0.033741317 | C64: =E35 -> 0.51 | D64: =H35 -> 0.035
A65: Foraging | B65: =C36 -> 0.016539861 | C65: =E36 -> 0.497 | D65: =H36 -> 0.017
A66: Kuks | B66: =C37 -> 0.00099239166 | C66: =E37 -> 0.479 | D66: =H37 -> 0
A67: Quaas | B67: =C38 -> 0.051273569 | C67: =E38 -> 0.513 | D67: =H38 -> 0.05
A68: Moans | B68: =C39 -> 0.14356599 | C68: =E39 -> 0.492 | D68: =H39 -> 0.143
A69: Tail flags | B69: =C40 -> 0.058881905 | C69: =E40 -> 0.505 | D69: =H40 -> 0.048
A70: Tail twitches | B70: =C41 -> 0.48097916 | C70: =E41 -> 0.503 | D70: =H41 -> 0.485
A71: Approaches | B71: =C42 -> 0.22428052 | C71: =E42 -> 0.483 | D71: =H42 -> 0.217
A72: Indifferent | B72: =C43 -> 0.079391333 | C72: =E43 -> 1 | D72: =H43 -> 1

Sheet Profile
A1: 2018 Central Park Squirrel Census - Data Profile
A2: Source: NYC Open Data (2018 Central Park Squirrel Census) | 3,023 sightings in October 2018
A4: OVERVIEW
A5: Metric | B5: Value | C5: Notes / Assumptions
A6: Total Sightings | B6: =COUNTA(Squirrel_Data!C2:C3024) -> 3023 | C6: One row per squirrel sighting observed
A7: Unique Squirrel IDs | B7: {=SUMPRODUCT(1/COUNTIF(Squirrel_Data!C2:C3024,Squirrel_Data!C2:C3024&""))} -> 3018 | C7: Distinct count ~3018 (5 possible duplicate IDs in data)
A8: Unique Hectares | B8: {=ROUND(SUMPRODUCT(1/COUNTIF(Squirrel_Data!D2:D3024,Squirrel_Data!D2:D3024)),0)} -> 339 | C8: Park gridded into hectares (e.g., 37F)
A9: Census Period | B9: Early-Mid October 2018 | C9: Dates formatted as MMDDYYYY numeric
A11: SHIFT BREAKDOWN
A12: Shift | B12: Count | C12: Percentage
A13: AM | B13: =COUNTIF(Squirrel_Data!E2:E3024,"AM") -> 1347 | C13: =IF($B$6>0,B13/$B$6,0) -> 0.44558386
A14: PM | B14: =COUNTIF(Squirrel_Data!E2:E3024,"PM") -> 1676 | C14: =IF($B$6>0,B14/$B$6,0) -> 0.55441614
A15: Total | B15: =SUM(B13:B14) -> 3023 | C15: =SUM(C13:C14) -> 1
A17: AGE DISTRIBUTION
A18: Age | B18: Count | C18: Percentage
A19: Adult | B19: =COUNTIF(Squirrel_Data!H2:H3024,"Adult") -> 2568 | C19: =IF($B$6>0,B19/$B$6,0) -> 0.84948726
A20: Juvenile | B20: =COUNTIF(Squirrel_Data!H2:H3024,"Juvenile") -> 330 | C20: =IF($B$6>0,B20/$B$6,0) -> 0.10916308
A21: Unknown (?) | B21: =COUNTIF(Squirrel_Data!H2:H3024,"?") -> 4 | C21: =IF($B$6>0,B21/$B$6,0) -> 0.0013231889
A22: (blank) | B22: 121 | C22: =IF($B$6>0,B22/$B$6,0) -> 0.040026464
A23: Total | B23: =SUM(B19:B22) -> 3023 | C23: =SUM(C19:C22) -> 1
A25: PRIMARY FUR COLOR
A26: Color | B26: Count | C26: Percentage
A27: Gray | B27: =COUNTIF(Squirrel_Data!I2:I3024,"Gray") -> 2473 | C27: =IF($B$6>0,B27/$B$6,0) -> 0.81806153
A28: Cinnamon | B28: =COUNTIF(Squirrel_Data!I2:I3024,"Cinnamon") -> 392 | C28: =IF($B$6>0,B28/$B$6,0) -> 0.12967251
A29: Black | B29: =COUNTIF(Squirrel_Data!I2:I3024,"Black") -> 103 | C29: =IF($B$6>0,B29/$B$6,0) -> 0.034072114
A30: Other/Blank | B30: =$B$6-SUM(B27:B29) -> 55 | C30: =IF($B$6>0,B30/$B$6,0) -> 0.018193847
A31: Total | B31: =SUM(B27:B30) -> 3023
A33: LOCATION (Ground vs Above)
A34: Location | B34: Count | C34: Percentage
A35: Ground Plane | B35: =COUNTIF(Squirrel_Data!M2:M3024,"Ground Plane") -> 2116 | C35: =IF($B$6>0,B35/$B$6,0) -> 0.69996692
A36: Above Ground | B36: =COUNTIF(Squirrel_Data!M2:M3024,"Above Ground") -> 843 | C36: =IF($B$6>0,B36/$B$6,0) -> 0.27886206
A37: Other/Blank | B37: =$B$6-SUM(B35:B36) -> 64 | C37: =IF($B$6>0,B37/$B$6,0) -> 0.021171022
A38: Total | B38: =SUM(B35:B37) -> 3023 | C38: =SUM(C35:C37) -> 1
A40: BEHAVIORS & ACTIVITIES (Count of TRUE)
A41: Behavior | B41: Count | C41: % of Sightings
A42: Running (P) | B42: =COUNTIF(Squirrel_Data!P2:P3024,TRUE) -> 730 | C42: =IF($B$6>0,B42/$B$6,0) -> 0.24148197
A43: Chasing (Q) | B43: =COUNTIF(Squirrel_Data!Q2:Q3024,TRUE) -> 279 | C43: =IF($B$6>0,B43/$B$6,0) -> 0.092292425
A44: Climbing (R) | B44: =COUNTIF(Squirrel_Data!R2:R3024,TRUE) -> 658 | C44: =IF($B$6>0,B44/$B$6,0) -> 0.21766457
A45: Eating (S) | B45: =COUNTIF(Squirrel_Data!S2:S3024,TRUE) -> 760 | C45: =IF($B$6>0,B45/$B$6,0) -> 0.25140589
A46: Foraging (T) | B46: =COUNTIF(Squirrel_Data!T2:T3024,TRUE) -> 1435 | C46: =IF($B$6>0,B46/$B$6,0) -> 0.47469401
A47: Kuks (V) | B47: =COUNTIF(Squirrel_Data!V2:V3024,TRUE) -> 102 | C47: =IF($B$6>0,B47/$B$6,0) -> 0.033741317
A48: Quaas (W) | B48: =COUNTIF(Squirrel_Data!W2:W3024,TRUE) -> 50 | C48: =IF($B$6>0,B48/$B$6,0) -> 0.016539861
A49: Moans (X) | B49: =COUNTIF(Squirrel_Data!X2:X3024,TRUE) -> 3 | C49: =IF($B$6>0,B49/$B$6,0) -> 0.00099239166
A50: Tail flags (Y) | B50: =COUNTIF(Squirrel_Data!Y2:Y3024,TRUE) -> 155 | C50: =IF($B$6>0,B50/$B$6,0) -> 0.051273569
A51: Tail twitches (Z) | B51: =COUNTIF(Squirrel_Data!Z2:Z3024,TRUE) -> 434 | C51: =IF($B$6>0,B51/$B$6,0) -> 0.14356599
A52: Approaches (AA) | B52: =COUNTIF(Squirrel_Data!AA2:AA3024,TRUE) -> 178 | C52: =IF($B$6>0,B52/$B$6,0) -> 0.058881905
A53: Indifferent (AB) | B53: =COUNTIF(Squirrel_Data!AB2:AB3024,TRUE) -> 1454 | C53: =IF($B$6>0,B53/$B$6,0) -> 0.48097916
A54: Runs from (AC) | B54: =COUNTIF(Squirrel_Data!AC2:AC3024,TRUE) -> 678 | C54: =IF($B$6>0,B54/$B$6,0) -> 0.22428052
A55: Other Interactions (AD) | B55: =COUNTA(Squirrel_Data!AD2:AD3024) -> 240 | C55: =IF($B$6>0,B55/$B$6,0) -> 0.079391333
A56: Total | B56: =SUM(B42:B55) -> 7156 | C56: =SUM(C42:C55) -> 2.3671849
A58: DATE DISTRIBUTION (Census Days)
A59: Date (MMDDYYYY) | B59: Count | C59: % | D59: Parsed Date | E59: Day of Week
A60: 10062018 | B60: =COUNTIF(Squirrel_Data!F2:F3024,A60) -> 337 | C60: =IF($B$6>0,B60/$B$6,0) -> 0.11147866 | D60: =DATE(RIGHT(A60,4),LEFT(A60,2),MID(A60,3,2)) -> 43379 | E60: =TEXT(D60,"dddd") -> Saturday
A61: 10072018 | B61: =COUNTIF(Squirrel_Data!F2:F3024,A61) -> 405 | C61: =IF($B$6>0,B61/$B$6,0) -> 0.13397287 | D61: =DATE(RIGHT(A61,4),LEFT(A61,2),MID(A61,3,2)) -> 43380 | E61: =TEXT(D61,"dddd") -> Sunday
A62: 10082018 | B62: =COUNTIF(Squirrel_Data!F2:F3024,A62) -> 285 | C62: =IF($B$6>0,B62/$B$6,0) -> 0.094277208 | D62: =DATE(RIGHT(A62,4),LEFT(A62,2),MID(A62,3,2)) -> 43381 | E62: =TEXT(D62,"dddd") -> Monday
A63: 10102018 | B63: =COUNTIF(Squirrel_Data!F2:F3024,A63) -> 335 | C63: =IF($B$6>0,B63/$B$6,0) -> 0.11081707 | D63: =DATE(RIGHT(A63,4),LEFT(A63,2),MID(A63,3,2)) -> 43383 | E63: =TEXT(D63,"dddd") -> Wednesday
A64: 10122018 | B64: =COUNTIF(Squirrel_Data!F2:F3024,A64) -> 218 | C64: =IF($B$6>0,B64/$B$6,0) -> 0.072113794 | D64: =DATE(RIGHT(A64,4),LEFT(A64,2),MID(A64,3,2)) -> 43385 | E64: =TEXT(D64,"dddd") -> Friday
A65: 10132018 | B65: =COUNTIF(Squirrel_Data!F2:F3024,A65) -> 434 | C65: =IF($B$6>0,B65/$B$6,0) -> 0.14356599 | D65: =DATE(RIGHT(A65,4),LEFT(A65,2),MID(A65,3,2)) -> 43386 | E65: =TEXT(D65,"dddd") -> Saturday
A66: 10142018 | B66: =COUNTIF(Squirrel_Data!F2:F3024,A66) -> 368 | C66: =IF($B$6>0,B66/$B$6,0) -> 0.12173338 | D66: =DATE(RIGHT(A66,4),LEFT(A66,2),MID(A66,3,2)) -> 43387 | E66: =TEXT(D66,"dddd") -> Sunday
A67: 10172018 | B67: =COUNTIF(Squirrel_Data!F2:F3024,A67) -> 216 | C67: =IF($B$6>0,B67/$B$6,0) -> 0.0714522 | D67: =DATE(RIGHT(A67,4),LEFT(A67,2),MID(A67,3,2)) -> 43390 | E67: =TEXT(D67,"dddd") -> Wednesday
A68: 10182018 | B68: =COUNTIF(Squirrel_Data!F2:F3024,A68) -> 200 | C68: =IF($B$6>0,B68/$B$6,0) -> 0.066159444 | D68: =DATE(RIGHT(A68,4),LEFT(A68,2),MID(A68,3,2)) -> 43391 | E68: =TEXT(D68,"dddd") -> Thursday
A69: 10192018 | B69: =COUNTIF(Squirrel_Data!F2:F3024,A69) -> 158 | C69: =IF($B$6>0,B69/$B$6,0) -> 0.052265961 | D69: =DATE(RIGHT(A69,4),LEFT(A69,2),MID(A69,3,2)) -> 43392 | E69: =TEXT(D69,"dddd") -> Friday
A70: 10202018 | B70: =COUNTIF(Squirrel_Data!F2:F3024,A70) -> 67 | C70: =IF($B$6>0,B70/$B$6,0) -> 0.022163414 | D70: =DATE(RIGHT(A70,4),LEFT(A70,2),MID(A70,3,2)) -> 43393 | E70: =TEXT(D70,"dddd") -> Saturday
A71: Total | B71: =SUM(B60:B70) -> 3023 | C71: =SUM(C60:C70) -> 1 | D71: 11 census days
A73: TOP HECTARES (Top 5 by sightings count)
A74: Hectare | B74: Count
A75: 14D | B75: 32
A76: 32E | B76: 30
A77: 14E | B77: 28
A78: 01B | B78: 27
A79: 07H | B79: 26
A81: KEY INSIGHTS
A82: • 3,023 sightings over 11 days (Oct 6–20, 2018). Gray squirrels 81.8%; mostly adults (84.9%).
A83: • PM shift slightly busier (55%). ~70% on ground plane.
A84: • Top behaviors: Foraging (~48%), Indifferent (~48%), Eating/Running/Climbing (~22-25% each).
A85: • Busiest day: Oct 13 (434 sightings). Rare vocalizations (moans <0.1%).
A86: • Common behaviors: Foraging (47%), Indifferent to humans (48%), Running (24%), Eating (25%), Climbing (22%).
A89: Note: Hardcoded from analysis; add Hectare pivot for live version.
A91: DATA NOTES & METHODOLOGY
A92: • All stats derived from live formulas (COUNTIF, SUMPRODUCT, DATE parsing) referencing the source table.
A93: • Source: NYC Open Data - 2018 Central Park Squirrel Census (https://data.cityofnewyork.us/Environment/2018-Central-Park-Squirrel-Census-Squirrel-Data/vfnx-vebw).
A94: • Pivots and charts provide interactive views; refresh in Excel if data changes.
A97: PROFILE CONTENTS & REFERENCE LIST
... A149: - All analysis formulas and pivots link back to this table on the renamed sheet

Sheet Fake Profile
A1: Fake Squirrel Census Data Profile (based on original structure)
A2: Source: Fake dataset based on NYC Open Data Squirrel Census | ~1000 sightings (rows 2-1001, cols A:AC)
A4: OVERVIEW
A5: Metric | B5: Value | C5: Notes / Assumptions
A6: Total Sightings | B6: =COUNTA(Fake_Squirrel_Data!AC2:AC1001) -> 1000 | C6: One row per squirrel sighting observed
A7: Unique Squirrel IDs | B7: {=SUMPRODUCT(1/COUNTIF(Fake_Squirrel_Data!AC2:AC1001,Fake_Squirrel_Data!AC2:AC1001&""))} -> 1000 | C7: Distinct count ~3018 (5 possible duplicate IDs in data)
A8: Unique Hectares | B8: {=ROUND(SUMPRODUCT(1/COUNTIF(Fake_Squirrel_Data!C2:C1001,Fake_Squirrel_Data!C2:C1001)),0)} -> 324 | C8: Park gridded into hectares (e.g., 37F)
A9: Census Period | B9: Early-Mid October 2018 | C9: Dates formatted as MMDDYYYY numeric
A11: SHIFT BREAKDOWN
A12: Shift | B12: Count | C12: Percentage
A13: AM | B13: =COUNTIF(Fake_Squirrel_Data!D2:D1001,"AM") -> 473 | C13: =IF($B$6>0,B13/$B$6,0) -> 0.473
A14: PM | B14: =COUNTIF(Fake_Squirrel_Data!D2:D1001,"PM") -> 527 | C14: =IF($B$6>0,B14/$B$6,0) -> 0.527
A15: Total | B15: =SUM(B13:B14) -> 1000 | C15: =SUM(C13:C14) -> 1
A17: AGE DISTRIBUTION
A18: Age | B18: Count | C18: Percentage
A19: Adult | B19: =COUNTIF(Fake_Squirrel_Data!G2:G1001,"Adult") -> 330 | C19: =IF($B$6>0,B19/$B$6,0) -> 0.33
A20: Juvenile | B20: =COUNTIF(Fake_Squirrel_Data!G2:G1001,"Juvenile") -> 337 | C20: =IF($B$6>0,B20/$B$6,0) -> 0.337
A21: Unknown (?) | B21: =COUNTIF(Fake_Squirrel_Data!G2:G1001,"?") -> 333 | C21: =IF($B$6>0,B21/$B$6,0) -> 0.333
A22: (blank) | B22: 0 | C22: 0
A23: Total | B23: =SUM(B19:B21) -> 1000 | C23: =SUM(C19:C21) -> 1
A25: PRIMARY FUR COLOR
A26: Color | B26: Count | C26: Percentage
A27: Gray | B27: =COUNTIF(Fake_Squirrel_Data!H2:H1001,"Gray") -> 332 | C27: =IF($B$6>0,B27/$B$6,0) -> 0.332
A28: Cinnamon | B28: =COUNTIF(Fake_Squirrel_Data!H2:H1001,"Cinnamon") -> 346 | C28: =IF($B$6>0,B28/$B$6,0) -> 0.346
A29: Black | B29: =COUNTIF(Fake_Squirrel_Data!H2:H1001,"Black") -> 322 | C29: =IF($B$6>0,B29/$B$6,0) -> 0.322
A30: Other/Blank | B30: =$B$6-SUM(B27:B29) -> 0 | C30: =IF($B$6>0,B30/$B$6,0) -> 0
A31: Total | B31: =SUM(B27:B30) -> 1000 | C31: =SUM(C27:C30) -> 1
A33: LOCATION (Ground vs Above)
A34: Location | B34: Count | C34: Percentage
A35: Ground Plane | B35: =COUNTIF(Fake_Squirrel_Data!L2:L1001,"Ground Plane") -> 479 | C35: =IF($B$6>0,B35/$B$6,0) -> 0.479
A36: Above Ground | B36: =COUNTIF(Fake_Squirrel_Data!L2:L1001,"Above Ground") -> 521 | C36: =IF($B$6>0,B36/$B$6,0) -> 0.521
A37: Other/Blank | B37: =$B$6-SUM(B35:B36) -> 0 | C37: =IF($B$6>0,B37/$B$6,0) -> 0
A38: Total | B38: =SUM(B35:B37) -> 1000 | C38: =SUM(C35:C37) -> 1
A40: BEHAVIORS & ACTIVITIES (Count of TRUE)
A41: Behavior | B41: Count | C41: % of Sightings
A42: Running (P) | B42: =COUNTIF(Fake_Squirrel_Data!O2:O1001,TRUE) -> 491 | C42: =IF($B$6>0,B42/$B$6,0) -> 0.491
A43: Chasing (Q) | B43: =COUNTIF(Fake_Squirrel_Data!P2:P1001,TRUE) -> 471 | C43: =IF($B$6>0,B43/$B$6,0) -> 0.471
A44: Climbing (R) | B44: =COUNTIF(Fake_Squirrel_Data!Q2:Q1001,TRUE) -> 490 | C44: =IF($B$6>0,B44/$B$6,0) -> 0.49
A45: Eating (S) | B45: =COUNTIF(Fake_Squirrel_Data!R2:R1001,TRUE) -> 513 | C45: =IF($B$6>0,B45/$B$6,0) -> 0.513
A46: Foraging (T) | B46: =COUNTIF(Fake_Squirrel_Data!S2:S1001,TRUE) -> 501 | C46: =IF($B$6>0,B46/$B$6,0) -> 0.501
A47: Kuks (V) | B47: =COUNTIF(Fake_Squirrel_Data!T2:T1001,TRUE) -> 510 | C47: =IF($B$6>0,B47/$B$6,0) -> 0.51
A48: Quaas (W) | B48: =COUNTIF(Fake_Squirrel_Data!U2:U1001,TRUE) -> 497 | C48: =IF($B$6>0,B48/$B$6,0) -> 0.497
A49: Moans (X) | B49: =COUNTIF(Fake_Squirrel_Data!V2:V1001,TRUE) -> 479 | C49: =IF($B$6>0,B49/$B$6,0) -> 0.479
A50: Tail flags (Y) | B50: =COUNTIF(Fake_Squirrel_Data!W2:W1001,TRUE) -> 513 | C50: =IF($B$6>0,B50/$B$6,0) -> 0.513
A51: Tail twitches (Z) | B51: =COUNTIF(Fake_Squirrel_Data!X2:X1001,TRUE) -> 492 | C51: =IF($B$6>0,B51/$B$6,0) -> 0.492
A52: Approaches (AA) | B52: =COUNTIF(Fake_Squirrel_Data!Y2:Y1001,TRUE) -> 505 | C52: =IF($B$6>0,B52/$B$6,0) -> 0.505
A53: Indifferent (AB) | B53: =COUNTIF(Fake_Squirrel_Data!Z2:Z1001,TRUE) -> 503 | C53: =IF($B$6>0,B53/$B$6,0) -> 0.503
A54: Runs from (AC) | B54: =COUNTIF(Fake_Squirrel_Data!AA2:AA1001,TRUE) -> 483 | C54: =IF($B$6>0,B54/$B$6,0) -> 0.483
A55: Other Interactions (AD) | B55: =COUNTA(Fake_Squirrel_Data!AB2:AB1001) -> 1000 | C55: =IF($B$6>0,B55/$B$6,0) -> 1
A56: Total | B56: =SUM(B42:B55) -> 7448 | C56: =SUM(C42:C55) -> 7.448
A58: DATE DISTRIBUTION (Census Days)
A59: Date (MMDDYYYY) | B59: Count | C59: % | D59: Parsed Date | E59: Day of Week
A60: 43379 | B60: =COUNTIF(Fake_Squirrel_Data!E2:E1001,A60) -> 59 | C60: =IF($B$6>0,B60/$B$6,0) -> 0.059 | D60: =A60 -> 43379 | E60: =TEXT(A60,"dddd") -> Saturday
A61: 43380 | B61: =COUNTIF(Fake_Squirrel_Data!E2:E1001,A61) -> 56 | C61: =IF($B$6>0,B61/$B$6,0) -> 0.056 | D61: =A61 -> 43380 | E61: =TEXT(A61,"dddd") -> Sunday
A62: 43381 | B62: =COUNTIF(Fake_Squirrel_Data!E2:E1001,A62) -> 63 | C62: =IF($B$6>0,B62/$B$6,0) -> 0.063 | D62: =A62 -> 43381 | E62: =TEXT(A62,"dddd") -> Monday
A63: 43382 | B63: =COUNTIF(Fake_Squirrel_Data!E2:E1001,A63) -> 63 | C63: =IF($B$6>0,B63/$B$6,0) -> 0.063 | D63: =A63 -> 43382 | E63: =TEXT(A63,"dddd") -> Tuesday
A64: 43383 | B64: =COUNTIF(Fake_Squirrel_Data!E2:E1001,A64) -> 57 | C64: =IF($B$6>0,B64/$B$6,0) -> 0.057 | D64: =A64 -> 43383 | E64: =TEXT(A64,"dddd") -> Wednesday
A65: 43384 | B65: =COUNTIF(Fake_Squirrel_Data!E2:E1001,A65) -> 71 | C65: =IF($B$6>0,B65/$B$6,0) -> 0.071 | D65: =A65 -> 43384 | E65: =TEXT(A65,"dddd") -> Thursday
A66: 43385 | B66: =COUNTIF(Fake_Squirrel_Data!E2:E1001,A66) -> 64 | C66: =IF($B$6>0,B66/$B$6,0) -> 0.064 | D66: =A66 -> 43385 | E66: =TEXT(A66,"dddd") -> Friday
A67: 43386 | B67: =COUNTIF(Fake_Squirrel_Data!E2:E1001,A67) -> 84 | C67: =IF($B$6>0,B67/$B$6,0) -> 0.084 | D67: =A67 -> 43386 | E67: =TEXT(A67,"dddd") -> Saturday
A68: 43387 | B68: =COUNTIF(Fake_Squirrel_Data!E2:E1001,A68) -> 58 | C68: =IF($B$6>0,B68/$B$6,0) -> 0.058 | D68: =A68 -> 43387 | E68: =TEXT(A68,"dddd") -> Sunday
A69: 43388 | B69: =COUNTIF(Fake_Squirrel_Data!E2:E1001,A69) -> 66 | C69: =IF($B$6>0,B69/$B$6,0) -> 0.066 | D69: =A69 -> 43388 | E69: =TEXT(A69,"dddd") -> Monday
A70: 43389 | B70: =COUNTIF(Fake_Squirrel_Data!E2:E1001,A70) -> 72 | C70: =IF($B$6>0,B70/$B$6,0) -> 0.072 | D70: =A70 -> 43389 | E70: =TEXT(A70,"dddd") -> Tuesday
A71: 43390 | B71: =COUNTIF(Fake_Squirrel_Data!E2:E1001,A71) -> 69 | C71: =IF($B$6>0,B71/$B$6,0) -> 0.069 | D71: =A71 -> 43390 | E71: =TEXT(A71,"dddd") -> Wednesday
A72: 43391 | B72: =COUNTIF(Fake_Squirrel_Data!E2:E1001,A72) -> 75 | C72: =IF($B$6>0,B72/$B$6,0) -> 0.075 | D72: =A72 -> 43391 | E72: =TEXT(A72,"dddd") -> Thursday
A73: 43392 | B73: =COUNTIF(Fake_Squirrel_Data!E2:E1001,A73) -> 66 | C73: =IF($B$6>0,B73/$B$6,0) -> 0.066 | D73: =A73 -> 43392 | E73: =TEXT(A73,"dddd") -> Friday
A74: 43393 | B74: =COUNTIF(Fake_Squirrel_Data!E2:E1001,A74) -> 77 | C74: =IF($B$6>0,B74/$B$6,0) -> 0.077 | D74: =A74 -> 43393 | E74: =TEXT(A74,"dddd") -> Saturday
A75: Total | B75: =SUM(B60:B74) -> 1000 | C75: =SUM(C60:C74) -> 1 | D75: 15 census days
A77: TOP HECTARES (Top 5 by sightings count)
A78: Hectare | B78: Count
A79: 12I | B79: 9
A80: 31G | B80: 8
A81: 08F | B81: 8
A82: 40E | B82: 7
A83: 06B | B83: 7
A84: (Note: Top 5 from fake data in column C; add Hectare pivot for live/dynamic version.)
A88: KEY INSIGHTS
A89: • ~1000 sightings (fake data rows 2-1001). Note: distributions are simulated.
A90: • PM shift slightly busier (55%). ~70% on ground plane.
A91: • Top behaviors: Foraging (~49%), Indifferent (~44%), others vary.
A92: • All 1000 rows have date values across 15 unique days.
A93: • Data columns remapped for fake dataset (e.g. ID in column AC).
A95: DATA NOTES & METHODOLOGY
A96: • All stats derived from live formulas (COUNTIF, SUMPRODUCT) referencing Fake_Squirrel_Data!E2:E1001 etc.
A97: • Date distribution now includes all 15 unique dates from the fake data (total 1000).
A99: PROFILE CONTENTS & REFERENCE LIST
A100: (Use this list to quickly navigate or recall what was built)
... A147: - All analysis formulas link back to this table on the renamed sheet

Sheet Empirical Random Profile
A1: Empirical Random Squirrel Census Data Profile (based on original structure)
A2: Source: Empirical Random dataset based on NYC Open Data Squirrel Census | ~1000 sightings (rows 2-1001, cols A:AC)
A4: OVERVIEW
A5: Metric | B5: Value | C5: Notes / Assumptions
A6: Total Sightings | B6: =COUNTA(Empirical_Random_Squirrel_Data!AC2:AC1001) -> 1000 | C6: One row per squirrel sighting observed
A7: Unique Squirrel IDs | B7: {=SUMPRODUCT(1/COUNTIF(Empirical_Random_Squirrel_Data!AC2:AC1001,Empirical_Random_Squirrel_Data!AC2:AC1001&""))} -> 1000 | C7: Distinct count (live formula; ~1000 for this synthetic dataset)
A8: Unique Hectares | B8: {=ROUND(SUMPRODUCT(1/COUNTIF(Empirical_Random_Squirrel_Data!C2:C1001,Empirical_Random_Squirrel_Data!C2:C1001)),0)} -> 286 | C8: Park gridded into hectares (e.g., 37F)
A9: Census Period | B9: Early-Mid October 2018 | C9: Dates formatted as MMDDYYYY numeric
A11: SHIFT BREAKDOWN
A12: Shift | B12: Count | C12: Percentage
A13: AM | B13: =COUNTIF(Empirical_Random_Squirrel_Data!D2:D1001,"AM") -> 441 | C13: =IF($B$6>0,B13/$B$6,0) -> 0.441
A14: PM | B14: =COUNTIF(Empirical_Random_Squirrel_Data!D2:D1001,"PM") -> 559 | C14: =IF($B$6>0,B14/$B$6,0) -> 0.559
A15: Total | B15: =SUM(B13:B14) -> 1000 | C15: =SUM(C13:C14) -> 1
A17: AGE DISTRIBUTION
A18: Age | B18: Count | C18: Percentage
A19: Adult | B19: =COUNTIF(Empirical_Random_Squirrel_Data!G2:G1001,"Adult") -> 880 | C19: =IF($B$6>0,B19/$B$6,0) -> 0.88
A20: Juvenile | B20: =COUNTIF(Empirical_Random_Squirrel_Data!G2:G1001,"Juvenile") -> 118 | C20: =IF($B$6>0,B20/$B$6,0) -> 0.118
A21: Unknown (?) | B21: =COUNTIF(Empirical_Random_Squirrel_Data!G2:G1001,"?") -> 2 | C21: =IF($B$6>0,B21/$B$6,0) -> 0.002
A22: (blank) | B22: 0 | C22: 0
A23: Total | B23: =SUM(B19:B21) -> 1000 | C23: =SUM(C19:C21) -> 1
A25: PRIMARY FUR COLOR
A26: Color | B26: Count | C26: Percentage
A27: Gray | B27: =COUNTIF(Empirical_Random_Squirrel_Data!H2:H1001,"Gray") -> 830 | C27: =IF($B$6>0,B27/$B$6,0) -> 0.83
A28: Cinnamon | B28: =COUNTIF(Empirical_Random_Squirrel_Data!H2:H1001,"Cinnamon") -> 138 | C28: =IF($B$6>0,B28/$B$6,0) -> 0.138
A29: Black | B29: =COUNTIF(Empirical_Random_Squirrel_Data!H2:H1001,"Black") -> 32 | C29: =IF($B$6>0,B29/$B$6,0) -> 0.032
A30: Other/Blank | B30: =$B$6-SUM(B27:B29) -> 0 | C30: =IF($B$6>0,B30/$B$6,0) -> 0
A31: Total | B31: =SUM(B27:B30) -> 1000 | C31: =SUM(C27:C30) -> 1
A33: LOCATION (Ground vs Above)
A34: Location | B34: Count | C34: Percentage
A35: Ground Plane | B35: =COUNTIF(Empirical_Random_Squirrel_Data!L2:L1001,"Ground Plane") -> 712 | C35: =IF($B$6>0,B35/$B$6,0) -> 0.712
A36: Above Ground | B36: =COUNTIF(Empirical_Random_Squirrel_Data!L2:L1001,"Above Ground") -> 288 | C36: =IF($B$6>0,B36/$B$6,0) -> 0.288
A37: Other/Blank | B37: =$B$6-SUM(B35:B36) -> 0 | C37: =IF($B$6>0,B37/$B$6,0) -> 0
A38: Total | B38: =SUM(B35:B37) -> 1000 | C38: =SUM(C35:C37) -> 1
A40: BEHAVIORS & ACTIVITIES (Count of TRUE)
A41: Behavior | B41: Count | C41: % of Sightings
A42: Running (P) | B42: =COUNTIF(Empirical_Random_Squirrel_Data!O2:O1001,TRUE) -> 261 | C42: =IF($B$6>0,B42/$B$6,0) -> 0.261
A43: Chasing (Q) | B43: =COUNTIF(Empirical_Random_Squirrel_Data!P2:P1001,TRUE) -> 91 | C43: =IF($B$6>0,B43/$B$6,0) -> 0.091
A44: Climbing (R) | B44: =COUNTIF(Empirical_Random_Squirrel_Data!Q2:Q1001,TRUE) -> 231 | C44: =IF($B$6>0,B44/$B$6,0) -> 0.231
A45: Eating (S) | B45: =COUNTIF(Empirical_Random_Squirrel_Data!R2:R1001,TRUE) -> 248 | C45: =IF($B$6>0,B45/$B$6,0) -> 0.248
A46: Foraging (T) | B46: =COUNTIF(Empirical_Random_Squirrel_Data!S2:S1001,TRUE) -> 436 | C46: =IF($B$6>0,B46/$B$6,0) -> 0.436
A47: Kuks (V) | B47: =COUNTIF(Empirical_Random_Squirrel_Data!T2:T1001,TRUE) -> 35 | C47: =IF($B$6>0,B47/$B$6,0) -> 0.035
A48: Quaas (W) | B48: =COUNTIF(Empirical_Random_Squirrel_Data!U2:U1001,TRUE) -> 17 | C48: =IF($B$6>0,B48/$B$6,0) -> 0.017
A49: Moans (X) | B49: =COUNTIF(Empirical_Random_Squirrel_Data!V2:V1001,TRUE) -> 0 | C49: =IF($B$6>0,B49/$B$6,0) -> 0
A50: Tail flags (Y) | B50: =COUNTIF(Empirical_Random_Squirrel_Data!W2:W1001,TRUE) -> 50 | C50: =IF($B$6>0,B50/$B$6,0) -> 0.05
A51: Tail twitches (Z) | B51: =COUNTIF(Empirical_Random_Squirrel_Data!X2:X1001,TRUE) -> 143 | C51: =IF($B$6>0,B51/$B$6,0) -> 0.143
A52: Approaches (AA) | B52: =COUNTIF(Empirical_Random_Squirrel_Data!Y2:Y1001,TRUE) -> 48 | C52: =IF($B$6>0,B52/$B$6,0) -> 0.048
A53: Indifferent (AB) | B53: =COUNTIF(Empirical_Random_Squirrel_Data!Z2:Z1001,TRUE) -> 485 | C53: =IF($B$6>0,B53/$B$6,0) -> 0.485
A54: Runs from (AC) | B54: =COUNTIF(Empirical_Random_Squirrel_Data!AA2:AA1001,TRUE) -> 217 | C54: =IF($B$6>0,B54/$B$6,0) -> 0.217
A55: Other Interactions (AD) | B55: =COUNTA(Empirical_Random_Squirrel_Data!AB2:AB1001) -> 1000 | C55: =IF($B$6>0,B55/$B$6,0) -> 1
A56: Total | B56: =SUM(B42:B55) -> 3262 | C56: =SUM(C42:C55) -> 3.262
A58: DATE DISTRIBUTION (Census Days)
A59: Date (MMDDYYYY) | B59: Count | C59: % | D59: Parsed Date | E59: Day of Week
A60: 43379 | B60: =COUNTIF(Empirical_Random_Squirrel_Data!E2:E1001,A60) -> 55 | C60: =IF($B$6>0,B60/$B$6,0) -> 0.055 | D60: =A60 -> 43379 | E60: =TEXT(A60,"dddd") -> Saturday
A61: 43380 | B61: =COUNTIF(Empirical_Random_Squirrel_Data!E2:E1001,A61) -> 67 | C61: =IF($B$6>0,B61/$B$6,0) -> 0.067 | D61: =A61 -> 43380 | E61: =TEXT(A61,"dddd") -> Sunday
A62: 43381 | B62: =COUNTIF(Empirical_Random_Squirrel_Data!E2:E1001,A62) -> 68 | C62: =IF($B$6>0,B62/$B$6,0) -> 0.068 | D62: =A62 -> 43381 | E62: =TEXT(A62,"dddd") -> Monday
A63: 43382 | B63: =COUNTIF(Empirical_Random_Squirrel_Data!E2:E1001,A63) -> 70 | C63: =IF($B$6>0,B63/$B$6,0) -> 0.07 | D63: =A63 -> 43382 | E63: =TEXT(A63,"dddd") -> Tuesday
A64: 43383 | B64: =COUNTIF(Empirical_Random_Squirrel_Data!E2:E1001,A64) -> 56 | C64: =IF($B$6>0,B64/$B$6,0) -> 0.056 | D64: =A64 -> 43383 | E64: =TEXT(A64,"dddd") -> Wednesday
A65: 43384 | B65: =COUNTIF(Empirical_Random_Squirrel_Data!E2:E1001,A65) -> 79 | C65: =IF($B$6>0,B65/$B$6,0) -> 0.079 | D65: =A65 -> 43384 | E65: =TEXT(A65,"dddd") -> Thursday
A66: 43385 | B66: =COUNTIF(Empirical_Random_Squirrel_Data!E2:E1001,A66) -> 74 | C66: =IF($B$6>0,B66/$B$6,0) -> 0.074 | D66: =A66 -> 43385 | E66: =TEXT(A66,"dddd") -> Friday
A67: 43386 | B67: =COUNTIF(Empirical_Random_Squirrel_Data!E2:E1001,A67) -> 53 | C67: =IF($B$6>0,B67/$B$6,0) -> 0.053 | D67: =A67 -> 43386 | E67: =TEXT(A67,"dddd") -> Saturday
A68: 43387 | B68: =COUNTIF(Empirical_Random_Squirrel_Data!E2:E1001,A68) -> 69 | C68: =IF($B$6>0,B68/$B$6,0) -> 0.069 | D68: =A68 -> 43387 | E68: =TEXT(A68,"dddd") -> Sunday
A69: 43388 | B69: =COUNTIF(Empirical_Random_Squirrel_Data!E2:E1001,A69) -> 63 | C69: =IF($B$6>0,B69/$B$6,0) -> 0.063 | D69: =A69 -> 43388 | E69: =TEXT(A69,"dddd") -> Monday
A70: 43389 | B70: =COUNTIF(Empirical_Random_Squirrel_Data!E2:E1001,A70) -> 76 | C70: =IF($B$6>0,B70/$B$6,0) -> 0.076 | D70: =A70 -> 43389 | E70: =TEXT(A70,"dddd") -> Tuesday
A71: 43390 | B71: =COUNTIF(Empirical_Random_Squirrel_Data!E2:E1001,A71) -> 77 | C71: =IF($B$6>0,B71/$B$6,0) -> 0.077 | D71: =A71 -> 43390 | E71: =TEXT(A71,"dddd") -> Wednesday
A72: 43391 | B72: =COUNTIF(Empirical_Random_Squirrel_Data!E2:E1001,A72) -> 75 | C72: =IF($B$6>0,B72/$B$6,0) -> 0.075 | D72: =A72 -> 43391 | E72: =TEXT(A72,"dddd") -> Thursday
A73: 43392 | B73: =COUNTIF(Empirical_Random_Squirrel_Data!E2:E1001,A73) -> 58 | C73: =IF($B$6>0,B73/$B$6,0) -> 0.058 | D73: =A73 -> 43392 | E73: =TEXT(A73,"dddd") -> Friday
A74: 43393 | B74: =COUNTIF(Empirical_Random_Squirrel_Data!E2:E1001,A74) -> 60 | C74: =IF($B$6>0,B74/$B$6,0) -> 0.06 | D74: =A74 -> 43393 | E74: =TEXT(A74,"dddd") -> Saturday
A75: Total | B75: =SUM(B60:B74) -> 1000 | C75: =SUM(C60:C74) -> 1 | D75: 15 census days
A77: TOP HECTARES (Top 5 by sightings count)
A78: Hectare | B78: Count
A79: 12I | B79: 9
A80: 31G | B80: 8
A81: 08F | B81: 8
A82: 40E | B82: 7
A83: 06B | B83: 7
A84: (Note: Top 5 from Empirical Random data in column C; add Hectare pivot for live/dynamic version.)
A88: KEY INSIGHTS
A89: • ~1000 sightings (Empirical Random data rows 2-1001). Note: distributions are simulated to match real.
A90: • PM shift slightly busier (55%). ~70% on ground plane.
A91: • Top behaviors: Foraging (~49%), Indifferent (~44%), others vary.
A92: • All 1000 rows have date values across 15 unique days.
A93: • Data columns remapped for Empirical Random dataset (e.g. ID in column AC).
A95: DATA NOTES & METHODOLOGY
A96: • All stats derived from live formulas (COUNTIF, SUMPRODUCT) referencing Empirical_Random_Squirrel_Data etc.
A97: • Date distribution now includes all 15 unique dates from the Empirical Random data (total 1000).
A99: PROFILE CONTENTS & REFERENCE LIST
A100: (Use this list to quickly navigate or recall what was built)
... A147: - All analysis formulas link back to this table on the renamed sheet

Sheet Squirrel_Data
A1: X | B1: Y | C1: Unique Squirrel ID | D1: Hectare | E1: Shift | F1: Date | G1: Hectare Squirrel Number | H1: Age | I1: Primary Fur Color | J1: Highlight Fur Color | K1: Combination of Primary and Highlight Color | L1: Color notes | M1: Location | N1: Above Ground Sighter Measurement | O1: Specific Location | P1: Running | Q1: Chasing | R1: Climbing | S1: Eating | T1: Foraging | U1: Other Activities | V1: Kuks | W1: Quaas | X1: Moans | Y1: Tail flags | Z1: Tail twitches | AA1: Approaches | AB1: Indifferent | AC1: Runs from | AD1: Other Interactions | AE1: Lat/Long
A2: -73.956134 | B2: 40.794082 | C2: 37F-PM-1014-03 | D2: 37F | E2: PM | F2: 10142018 | G2: 3 | K2: + | P2: FALSE | Q2: FALSE | R2: FALSE | S2: FALSE | T2: FALSE | V2: FALSE | W2: FALSE | X2: FALSE | Y2: FALSE | Z2: FALSE | AA2: FALSE | AB2: FALSE | AC2: FALSE | AE2: POINT (-73.9561344937861 40.7940823884086)
A3: -73.968857 | B3: 40.783783 | C3: 21B-AM-1019-04 | D3: 21B | E3: AM | F3: 10192018 | G3: 4 | K3: + | P3: FALSE | Q3: FALSE | R3: FALSE | S3: FALSE | T3: FALSE | V3: FALSE | W3: FALSE | X3: FALSE | Y3: FALSE | Z3: FALSE | AA3: FALSE | AB3: FALSE | AC3: FALSE | AE3: POINT (-73.9688574691102 40.7837825208444)
A4: -73.974281 | B4: 40.775534 | C4: 11B-PM-1014-08 | D4: 11B | E4: PM | F4: 10142018 | G4: 8 | I4: Gray | K4: Gray+ | M4: Above Ground | N4: 10 | P4: FALSE | Q4: TRUE | R4: FALSE | S4: FALSE | T4: FALSE | V4: FALSE | W4: FALSE | X4: FALSE | Y4: FALSE | Z4: FALSE | AA4: FALSE | AB4: FALSE | AC4: FALSE | AE4: POINT (-73.97428114848522 40.775533619083)
A5: -73.959641 | B5: 40.790313 | C5: 32E-PM-1017-14 | D5: 32E | E5: PM | F5: 10172018 | G5: 14 | H5: Adult | I5: Gray | K5: Gray+ | L5: Nothing selected as Primary. Gray selected as Highlights. Made executive adjustments. | P5: FALSE | Q5: FALSE | R5: FALSE | S5: TRUE | T5: TRUE | V5: FALSE | W5: FALSE | X5: FALSE | Y5: FALSE | Z5: FALSE | AA5: FALSE | AB5: FALSE | AC5: TRUE | AE5: POINT (-73.9596413903948 40.7903128889029)
A6: -73.970268 | B6: 40.776213 | C6: 13E-AM-1017-05 | D6: 13E | E6: AM | F6: 10172018 | G6: 5 | H6: Adult | I6: Gray | J6: Cinnamon | K6: Gray+Cinnamon | M6: Above Ground | O6: on tree stump | P6: FALSE | Q6: FALSE | R6: FALSE | S6: FALSE | T6: TRUE | V6: FALSE | W6: FALSE | X6: FALSE | Y6: FALSE | Z6: FALSE | AA6: FALSE | AB6: FALSE | AC6: FALSE | AE6: POINT (-73.9702676472613 40.7762126854894)
A7: -73.968361 | B7: 40.772591 | C7: 11H-AM-1010-03 | D7: 11H | E7: AM | F7: 10102018 | G7: 3 | H7: Adult | I7: Cinnamon | J7: White | K7: Cinnamon+White | P7: FALSE | Q7: FALSE | R7: FALSE | S7: FALSE | T7: TRUE | V7: FALSE | W7: FALSE | X7: FALSE | Y7: FALSE | Z7: TRUE | AA7: FALSE | AB7: TRUE | AC7: FALSE | AE7: POINT (-73.9683613516225 40.7725908847499)
A8: -73.95412 | B8: 40.793181 | C8: 36H-AM-1010-02 | D8: 36H | E8: AM | F8: 10102018 | G8: 2 | H8: Adult | I8: Gray | K8: Gray+ | L8: just outside hectare | M8: Ground Plane | N8: FALSE | P8: FALSE | Q8: FALSE | R8: FALSE | S8: FALSE | T8: TRUE | V8: FALSE | W8: FALSE | X8: FALSE | Y8: FALSE | Z8: FALSE | AA8: FALSE | AB8: FALSE | AC8: FALSE | AE8: POINT (-73.9541201789795 40.7931811701082)
A9: -73.958269 | B9: 40.791737 | C9: 33F-AM-1008-02 | D9: 33F | E9: AM | F9: 10082018 | G9: 2 | H9: Adult | I9: Gray | K9: Gray+ | M9: Ground Plane | N9: FALSE | P9: FALSE | Q9: FALSE | R9: FALSE | S9: FALSE | T9: TRUE | V9: FALSE | W9: FALSE | X9: FALSE | Y9: FALSE | Z9: FALSE | AA9: FALSE | AB9: TRUE | AC9: FALSE | AE9: POINT (-73.9582694312289 40.7917367820255)
A10: -73.967429 | B10: 40.782972 | C10: 21C-PM-1006-01 | D10: 21C | E10: PM | F10: 10062018 | G10: 1 | H10: Adult | I10: Gray | K10: Gray+ | M10: Ground Plane | N10: FALSE | P10: FALSE | Q10: FALSE | R10: FALSE | S10: FALSE | T10: FALSE | V10: FALSE | W10: FALSE | X10: FALSE | Y10: TRUE | Z10: TRUE | AA10: FALSE | AB10: FALSE | AC10: FALSE | AE10: POINT (-73.9674285955293 40.7829723919744)
A11: -73.97225 | B11: 40.774288 | C11: 11D-AM-1010-03 | D11: 11D | E11: AM | F11: 10102018 | G11: 3 | H11: Adult | I11: Gray | J11: Cinnamon | K11: Gray+Cinnamon | M11: Above Ground | N11: 30 | P11: FALSE | Q11: FALSE | R11: TRUE | S11: FALSE | T11: FALSE | U11: grooming | V11: FALSE | W11: FALSE | X11: FALSE | Y11: FALSE | Z11: FALSE | AA11: FALSE | AB11: TRUE | AC11: FALSE | AE11: POINT (-73.9722500196844 40.7742879599026)
A12: -73.969506 | B12: 40.782351 | C12: 20B-PM-1013-05 | D12: 20B | E12: PM | F12: 10132018 | G12: 5 | H12: Adult | I12: Gray | J12: White | K12: Gray+White | M12: Ground Plane | N12: FALSE | P12: FALSE | Q12: FALSE | R12: FALSE | S12: FALSE | T12: TRUE | V12: FALSE | W12: FALSE | X12: FALSE | Y12: FALSE | Z12: FALSE | AA12: FALSE | AB12: TRUE | AC12: FALSE | AE12: POINT (-73.9695063535333 40.7823507678183)
A13: -73.964003 | B13: 40.782031 | C13: 22F-PM-1014-06 | D13: 22F | E13: PM | F13: 10142018 | G13: 6 | H13: Adult | I13: Gray | K13: Gray+ | M13: Ground Plane | N13: FALSE | P13: TRUE | Q13: FALSE | R13: FALSE | S13: FALSE | T13: FALSE | V13: FALSE | W13: FALSE | X13: FALSE | Y13: FALSE | Z13: TRUE | AA13: FALSE | AB13: TRUE | AC13: FALSE | AE13: POINT (-73.9640032826529 40.7820309825448)
A14: -73.953217 | B14: 40.791967 | C14: 36I-PM-1007-01 | D14: 36I | E14: PM | F14: 10072018 | G14: 1 | H14: Adult | I14: Gray | J14: Cinnamon | K14: Gray+Cinnamon | M14: Ground Plane | N14: FALSE | P14: FALSE | Q14: FALSE | R14: FALSE | S14: FALSE | T14: TRUE | V14: FALSE | W14: FALSE | X14: FALSE | Y14: FALSE | Z14: FALSE | AA14: FALSE | AB14: TRUE | AC14: FALSE | AE14: POINT (-73.9532170504865 40.7919669739962)
A15: -73.97686 | B15: 40.77028 | C15: 5C-PM-1010-09 | D15: 05C | E15: PM | F15: 10102018 | G15: 9 | H15: Adult | I15: Cinnamon | J15: Gray | K15: Cinnamon+Gray | M15: Ground Plane | N15: FALSE | P15: TRUE | Q15: FALSE | R15: FALSE | S15: FALSE | T15: FALSE | V15: FALSE | W15: FALSE | X15: FALSE | Y15: FALSE | Z15: FALSE | AA15: FALSE | AB15: FALSE | AC15: FALSE | AE15: POINT (-73.9768603630674 40.7702795904962)
A16: -73.970611 | B16: 40.769812 | C16: 7H-AM-1006-05 | D16: 07H | E16: AM | F16: 10062018 | G16: 5 | H16: Adult | I16: Gray | J16: Cinnamon | K16: Gray+Cinnamon | M16: Above Ground | N16: 10 | P16: FALSE | Q16: TRUE | R16: FALSE | S16: FALSE | T16: FALSE | V16: FALSE | W16: FALSE | X16: FALSE | Y16: FALSE | Z16: FALSE | AA16: FALSE | AB16: TRUE | AC16: FALSE | AE16: POINT (-73.9706105896967 40.7698124821507)
A17: -73.970378 | B17: 40.778753 | C17: 16C-PM-1018-03 | D17: 16C | E17: PM | F17: 10182018 | G17: 3 | H17: Adult | I17: Gray | J17: Cinnamon, White | K17: Gray+Cinnamon, White | M17: Above Ground | N17: 6 | P17: TRUE | Q17: FALSE | R17: FALSE | S17: TRUE | T17: TRUE | V17: FALSE | W17: FALSE | X17: FALSE | Y17: FALSE | Z17: FALSE | AA17: FALSE | AB17: TRUE | AC17: FALSE | AE17: POINT (-73.9703781726172 40.7787526130321)
A18: -73.970393 | B18: 40.776503 | C18: 14E-AM-1008-23 | D18: 14E | E18: AM | F18: 10082018 | G18: 23 | H18: Adult | I18: Gray | K18: Gray+ | M18: Ground Plane | N18: FALSE | P18: FALSE | Q18: FALSE | R18: FALSE | S18: FALSE | T18: TRUE | U18: walking | V18: FALSE | W18: FALSE | X18: FALSE | Y18: FALSE | Z18: FALSE | AA18: FALSE | AB18: TRUE | AC18: FALSE | AE18: POINT (-73.9703925210471 40.7765032004992)
A19: -73.963818 | B19: 40.792417 | C19: 32A-PM-1013-03 | D19: 32A | E19: PM | F19: 10132018 | G19: 3 | H19: Juvenile | I19: Gray | J19: Cinnamon | K19: Gray+Cinnamon | M19: Ground Plane | N19: FALSE | P19: FALSE | Q19: FALSE | R19: FALSE | S19: TRUE | T19: FALSE | V19: FALSE | W19: FALSE | X19: FALSE | Y19: FALSE | Z19: FALSE | AA19: FALSE | AB19: TRUE | AC19: FALSE | AE19: POINT (-73.9638179439747 40.7924173263904)
A20: -73.958407 | B20: 40.791381 | C20: 33F-AM-1008-01 | D20: 33F | E20: AM | F20: 10082018 | G20: 1 | H20: Adult | I20: Gray | K20: Gray+ | M20: Ground Plane | N20: FALSE | P20: FALSE | Q20: FALSE | R20: FALSE | S20: FALSE | T20: FALSE | U20: moving slowly | V20: FALSE | W20: FALSE | X20: FALSE | Y20: FALSE | Z20: FALSE | AA20: FALSE | AB20: TRUE | AC20: FALSE | AE20: POINT (-73.9584070974734 40.7913812490557)
A21: -73.967113 | B21: 40.778486 | C21: 17F-AM-1007-07 | D21: 17F | E21: AM | F21: 10072018 | G21: 7 | H21: Adult | I21: Gray | J21: White | K21: Gray+White | M21: Above Ground | N21: 24 | P21: TRUE | Q21: FALSE | R21: FALSE | S21: FALSE | T21: FALSE | V21: FALSE | W21: FALSE | X21: FALSE | Y21: TRUE | Z21: FALSE | AA21: FALSE | AB21: TRUE | AC21: FALSE | AE21: POINT (-73.9671130680114 40.7784859700171)
A22: -73.964987 | B22: 40.776493 | C22: 16I-AM-1008-01 | D22: 16I | E22: AM | F22: 10082018 | G22: 1 | H22: Adult | I22: Cinnamon | J22: Gray, White | K22: Cinnamon+Gray, White | M22: Ground Plane | N22: FALSE | P22: FALSE | Q22: FALSE | R22: FALSE | S22: FALSE | T22: TRUE | V22: FALSE | W22: FALSE | X22: FALSE | Y22: FALSE | Z22: TRUE | AA22: FALSE | AB22: TRUE | AC22: FALSE | AE22: POINT (-73.9649866016038 40.7764929694457)
A23: -73.967063 | B23: 40.773499 | C23: 12I-AM-1013-01 | D23: 12I | E23: AM | F23: 10132018 | G23: 1 | H23: Adult | I23: Cinnamon | J23: White | K23: Cinnamon+White | M23: Ground Plane | N23: FALSE | O23: on tree roots | P23: FALSE | Q23: FALSE | R23: FALSE | S23: FALSE | T23: FALSE | U23: sitting | V23: FALSE | W23: FALSE | X23: FALSE | Y23: FALSE | Z23: TRUE | AA23: FALSE | AB23: FALSE | AC23: TRUE | AE23: POINT (-73.9670628558161 40.77349914209411)
A24: -73.958737 | B24: 40.790852 | C24: 32F-PM-1008-07 | D24: 32F | E24: PM | F24: 10082018 | G24: 7 | H24: Adult | I24: Gray | K24: Gray+ | M24: Ground Plane | N24: FALSE | P24: TRUE | Q24: TRUE | R24: FALSE | S24: FALSE | T24: TRUE | V24: FALSE | W24: FALSE | X24: FALSE | Y24: FALSE | Z24: FALSE | AA24: FALSE | AB24: TRUE | AC24: FALSE | AE24: POINT (-73.958736593111 40.7908524370626)
A25: -73.967179 | B25: 40.786735 | C25: 25A-AM-1013-04 | D25: 25A | E25: AM | F25: 10132018 | G25: 4 | I25: Gray | J25: White | K25: Gray+White | M25: Ground Plane | N25: FALSE | P25: FALSE | Q25: FALSE | R25: FALSE | S25: FALSE | T25: TRUE | V25: FALSE | W25: FALSE | X25: FALSE | Y25: FALSE | Z25: FALSE | AA25: FALSE | AB25: FALSE | AC25: TRUE | AE25: POINT (-73.9671786715256 40.7867352791232)
A26: -73.969294 | B26: 40.776954 | C26: 15E-AM-1013-01 | D26: 15E | E26: AM | F26: 10132018 | G26: 1 | H26: Adult | I26: Gray | J26: White | K26: Gray+White | M26: Ground Plane | N26: FALSE | P26: TRUE | Q26: FALSE | R26: FALSE | S26: FALSE | T26: TRUE | V26: FALSE | W26: FALSE | X26: FALSE | Y26: FALSE | Z26: FALSE | AA26: FALSE | AB26: FALSE | AC26: FALSE | AE26: POINT (-73.9692943291611 40.7769536102488)
A27: -73.954005 | B27: 40.795245 | C27: 39G-PM-1013-06 | D27: 39G | E27: PM | F27: 10132018 | G27: 6 | H27: Adult | I27: Gray | J27: Cinnamon | K27: Gray+Cinnamon | M27: Ground Plane | N27: FALSE | P27: TRUE | Q27: FALSE | R27: FALSE | S27: FALSE | T27: FALSE | V27: FALSE | W27: FALSE | X27: FALSE | Y27: FALSE | Z27: FALSE | AA27: FALSE | AB27: FALSE | AC27: FALSE | AE27: POINT (-73.9540054100539 40.7952445999836)
A28: -73.957653 | B28: 40.786866 | C28: 29I-PM-1007-01 | D28: 29I | E28: PM | F28: 10072018 | G28: 1 | I28: Gray | J28: Cinnamon | K28: Gray+Cinnamon | M28: Ground Plane | N28: FALSE | P28: FALSE | Q28: FALSE | R28: FALSE | S28: TRUE | T28: TRUE | V28: FALSE | W28: FALSE | X28: FALSE | Y28: FALSE | Z28: FALSE | AA28: FALSE | AB28: FALSE | AC28: FALSE | AE28: POINT (-73.9576530157255 40.7868659490397)
A29: -73.973803 | B29: 40.771185 | C29: 7E-AM-1006-02 | D29: 07E | E29: AM | F29: 10062018 | G29: 2 | H29: Adult | I29: Gray | K29: Gray+ | M29: Ground Plane | N29: FALSE | O29: under a tree | P29: FALSE | Q29: FALSE | R29: FALSE | S29: TRUE | T29: FALSE | V29: FALSE | W29: FALSE | X29: FALSE | Y29: FALSE | Z29: FALSE | AA29: FALSE | AB29: FALSE | AC29: FALSE | AE29: POINT (-73.9738033257473 40.7711846894166)
A30: -73.97044 | B30: 40.779897 | C30: 17C-PM-1013-05 | D30: 17C | E30: PM | F30: 10132018 | G30: 5 | H30: Adult | I30: Gray | K30: Gray+ | M30: Ground Plane | N30: FALSE | P30: FALSE | Q30: FALSE | R30: FALSE | S30: TRUE | T30: FALSE | U30: eating (ate upside down on a tree â€” #jealous) | V30: FALSE | W30: FALSE | X30: FALSE | Y30: FALSE | Z30: FALSE | AA30: FALSE | AB30: TRUE | AC30: FALSE | AE30: POINT (-73.9704402681017 40.77989656212031)
A31: -73.975698 | B31: 40.77539 | C31: 10A-PM-1014-01 | D31: 10A | E31: PM | F31: 10142018 | G31: 1 | H31: Adult | I31: Gray | J31: Black, Cinnamon, White | K31: Gray+Black, Cinnamon, White | L31: Gray & White selected as Primary. Black & Cinnamon selected as Highlights. Made executive adjustments. | M31: Ground Plane | N31: FALSE | O31: in b/w trees | P31: FALSE | Q31: FALSE | R31: FALSE | S31: FALSE | T31: TRUE | V31: FALSE | W31: FALSE | X31: FALSE | Y31: FALSE | Z31: TRUE | AA31: FALSE | AB31: TRUE | AC31: FALSE | AE31: POINT (-73.9756976076707 40.7753897331918)
A32: -73.966244 | B32: 40.789038 | C32: 28A-PM-1007-05 | D32: 28A | E32: PM | F32: 10072018 | G32: 5 | H32: Adult | I32: Cinnamon | K32: Cinnamon+ | M32: Ground Plane | N32: FALSE | P32: TRUE | Q32: FALSE | R32: FALSE | S32: FALSE | T32: TRUE | V32: FALSE | W32: FALSE | X32: FALSE | Y32: FALSE | Z32: TRUE | AA32: FALSE | AB32: FALSE | AC32: TRUE | AE32: POINT (-73.9662438996681 40.7890381809441)
A33: -73.964315 | B33: 40.782082 | C33: 22F-PM-1014-05 | D33: 22F | E33: PM | F33: 10142018 | G33: 5 | H33: Adult | I33: Gray | J33: Cinnamon | K33: Gray+Cinnamon | M33: Ground Plane | N33: FALSE | P33: FALSE | Q33: FALSE | R33: FALSE | S33: FALSE | T33: FALSE | V33: FALSE | W33: FALSE | X33: FALSE | Y33: FALSE | Z33: FALSE | AA33: FALSE | AB33: FALSE | AC33: FALSE | AE33: POINT (-73.9643153920428 40.7820818516957)
A34: -73.974207 | B34: 40.775796 | C34: 12B-AM-1007-01 | D34: 12B | E34: AM | F34: 10072018 | G34: 1 | H34: Adult | I34: Gray | J34: Cinnamon | K34: Gray+Cinnamon | M34: Ground Plane | N34: FALSE | P34: FALSE | Q34: TRUE | R34: FALSE | S34: FALSE | T34: FALSE | V34: FALSE | W34: FALSE | X34: FALSE | Y34: TRUE | Z34: FALSE | AA34: FALSE | AB34: TRUE | AC34: FALSE | AE34: POINT (-73.9742073452913 40.7757957380463)
A35: -73.971615 | B35: 40.781391 | C35: 18A-PM-1018-01 | D35: 18A | E35: PM | F35: 10182018 | G35: 1 | H35: Adult | I35: Gray | K35: Gray+ | M35: Above Ground | N35: 30 | P35: FALSE | Q35: FALSE | R35: TRUE | S35: FALSE | T35: FALSE | V35: FALSE | W35: FALSE | X35: FALSE | Y35: FALSE | Z35: FALSE | AA35: FALSE | AB35: FALSE | AC35: FALSE | AE35: POINT (-73.9716147061553 40.7813911036179)
A36: -73.95657 | B36: 40.790256 | C36: 33H-AM-1019-02 | D36: 33H | E36: AM | F36: 10192018 | G36: 2 | H36: Juvenile | I36: Gray | J36: Cinnamon | K36: Gray+Cinnamon | M36: Ground Plane | N36: FALSE | P36: FALSE | Q36: FALSE | R36: FALSE | S36: FALSE | T36: FALSE | U36: wrestling with mother | V36: FALSE | W36: FALSE | X36: FALSE | Y36: FALSE | Z36: FALSE | AA36: FALSE | AB36: FALSE | AC36: FALSE | AE36: POINT (-73.9565700386162 40.7902561000937)
A37: -73.953541 | B37: 40.792871 | C37: 36H-PM-1008-02 | D37: 36H | E37: PM | F37: 10082018 | G37: 2 | H37: Adult | I37: Gray | K37: Gray+ | M37: Ground Plane | N37: FALSE | P37: FALSE | Q37: FALSE | R37: FALSE | S37: FALSE | T37: TRUE | V37: FALSE | W37: FALSE | X37: FALSE | Y37: FALSE | Z37: FALSE | AA37: FALSE | AB37: TRUE | AC37: FALSE | AE37: POINT (-73.9535410657077 40.79287117600611)
A38: -73.963916 | B38: 40.789177 | C38: 29C-AM-1007-06 | D38: 29C | E38: AM | F38: 10072018 | G38: 6 | H38: Adult | I38: Gray | J38: Cinnamon | K38: Gray+Cinnamon | M38: Ground Plane | N38: FALSE | P38: TRUE | Q38: FALSE | R38: FALSE | S38: FALSE | T38: FALSE | V38: FALSE | W38: FALSE | X38: FALSE | Y38: FALSE | Z38: FALSE | AA38: FALSE | AB38: FALSE | AC38: TRUE | AE38: POINT (-73.9639159298446 40.7891774637988)
A39: -73.957956 | B39: 40.795934 | C39: 38C-PM-1014-09 | D39: 38C | E39: PM | F39: 10142018 | G39: 9 | H39: Adult | I39: Black | K39: Black+ | M39: Ground Plane | N39: FALSE | P39: FALSE | Q39: FALSE | R39: FALSE | S39: TRUE | T39: FALSE | V39: FALSE | W39: FALSE | X39: FALSE | Y39: FALSE | Z39: FALSE | AA39: TRUE | AB39: FALSE | AC39: FALSE | AE39: POINT (-73.9579564338627 40.7959337795027)
A40: -73.957465 | B40: 40.789251 | C40: 31H-PM-1008-02 | D40: 31H | E40: PM | F40: 10082018 | G40: 2 | H40: Juvenile | I40: Gray | J40: Cinnamon | K40: Gray+Cinnamon | M40: Above Ground | N40: 8 | P40: TRUE | Q40: FALSE | R40: TRUE | S40: FALSE | T40: FALSE | V40: FALSE | W40: FALSE | X40: FALSE | Y40: FALSE | Z40: TRUE | AA40: FALSE | AB40: TRUE | AC40: FALSE | AE40: POINT (-73.9574648097543 40.78925084286221)
A41: -73.970253 | B41: 40.7706 | C41: 8H-AM-1017-06 | D41: 08H | E41: AM | F41: 10172018 | G41: 6 | H41: Adult | I41: Gray | J41: Cinnamon | K41: Gray+Cinnamon | M41: Above Ground | N41: 6 | P41: FALSE | Q41: TRUE | R41: FALSE | S41: TRUE | T41: FALSE | V41: FALSE | W41: FALSE | X41: FALSE | Y41: FALSE | Z41: FALSE | AA41: FALSE | AB41: TRUE | AC41: FALSE | AE41: POINT (-73.970252675331 40.77059995882221)
A42: -73.957965 | B42: 40.791861 | C42: 34F-AM-1007-01 | D42: 34F | E42: AM | F42: 10072018 | G42: 1 | H42: Adult | I42: Gray | J42: White | K42: Gray+White | M42: Above Ground | N42: 25 | P42: TRUE | Q42: FALSE | R42: TRUE | S42: FALSE | T42: FALSE | V42: FALSE | W42: FALSE | X42: FALSE | Y42: FALSE | Z42: FALSE | AA42: FALSE | AB42: FALSE | AC42: TRUE | AE42: POINT (-73.9579645940414 40.7918613498407)
A43: -73.967325 | B43: 40.774951 | C43: 13H-PM-1010-02 | D43: 13H | E43: PM | F43: 10102018 | G43: 2 | H43: Adult | I43: Gray | K43: Gray+ | M43: Above Ground | N43: 5 | O43: tree | P43: FALSE | Q43: FALSE | R43: FALSE | S43: FALSE | T43: TRUE | V43: FALSE | W43: FALSE | X43: FALSE | Y43: FALSE | Z43: FALSE | AA43: FALSE | AB43: TRUE | AC43: FALSE | AE43: POINT (-73.9673253417305 40.7749505252981)
A44: -73.959593 | B44: 40.790585 | C44: 32E-AM-1007-13 | D44: 32E | E44: AM | F44: 10072018 | G44: 13 | H44: Adult | I44: Gray | K44: Gray+ | M44: Above Ground | N44: 50 | P44: FALSE | Q44: FALSE | R44: TRUE | S44: FALSE | T44: FALSE | V44: FALSE | W44: FALSE | X44: FALSE | Y44: FALSE | Z44: FALSE | AA44: FALSE | AB44: FALSE | AC44: FALSE | AE44: POINT (-73.9595933195409 40.7905847332369)
A45: -73.960222 | B45: 40.79378 | C45: 35C-AM-1007-05 | D45: 35C | E45: AM | F45: 10072018 | G45: 5 | H45: Adult | I45: Gray | K45: Gray+ | M45: Above Ground | N45: 4 | P45: FALSE | Q45: FALSE | R45: TRUE | S45: FALSE | T45: FALSE | V45: FALSE | W45: FALSE | X45: FALSE | Y45: FALSE | Z45: FALSE | AA45: FALSE | AB45: FALSE | AC45: FALSE | AE45: POINT (-73.9602222116708 40.793779699421)
A46: -73.960261 | B46: 40.794288 | C46: 35C-PM-1013-03 | D46: 35C | E46: PM | F46: 10132018 | G46: 3 | I46: Gray | J46: Cinnamon | K46: Gray+Cinnamon | M46: Ground Plane | N46: FALSE | P46: FALSE | Q46: FALSE | R46: FALSE | S46: FALSE | T46: TRUE | V46: FALSE | W46: FALSE | X46: FALSE | Y46: FALSE | Z46: FALSE | AA46: FALSE | AB46: FALSE | AC46: TRUE | AE46: POINT (-73.9602609920814 40.79428830455661)
A47: -73.968064 | B47: 40.77925 | C47: 17E-AM-1017-05 | D47: 17E | E47: AM | F47: 10172018 | G47: 5 | H47: Adult | I47: Black | K47: Black+ | M47: Above Ground | N47: 10 | O47: Branch | P47: FALSE | Q47: FALSE | R47: FALSE | S47: FALSE | T47: TRUE | V47: FALSE | W47: FALSE | X47: FALSE | Y47: FALSE | Z47: FALSE | AA47: FALSE | AB47: TRUE | AC47: FALSE | AE47: POINT (-73.9680635070949 40.779249873647)
A48: -73.980167 | B48: 40.768691 | C48: 2B-PM-1013-01 | D48: 02B | E48: PM | F48: 10132018 | G48: 1 | H48: Adult | I48: Gray | J48: White | K48: Gray+White | M48: Ground Plane | N48: FALSE | P48: TRUE | Q48: FALSE | R48: FALSE | S48: FALSE | T48: FALSE | U48: running (with nut) | V48: FALSE | W48: FALSE | X48: FALSE | Y48: FALSE | Z48: FALSE | AA48: FALSE | AB48: FALSE | AC48: FALSE | AE48: POINT (-73.9801666435401 40.7686905339212)
A49: -73.967563 | B49: 40.781348 | C49: 19D-AM-1007-01 | D49: 19D | E49: AM | F49: 10072018 | G49: 1 | H49: Juvenile | I49: Gray | K49: Gray+ | M49: Ground Plane | N49: FALSE | P49: FALSE | Q49: FALSE | R49: TRUE | S49: TRUE | T49: FALSE | V49: FALSE | W49: FALSE | X49: FALSE | Y49: FALSE | Z49: FALSE | AA49: FALSE | AB49: FALSE | AC49: FALSE | AD49: fenced off area can't approach | AE49: POINT (-73.9675634326877 40.7813477352507)
A50: -73.958497 | B50: 40.798289 | C50: 40B-AM-1019-03 | D50: 40B | E50: AM | F50: 10192018 | G50: 3 | H50: Juvenile | I50: Gray | J50: White | K50: Gray+White | M50: Ground Plane | N50: FALSE | P50: TRUE | Q50: TRUE | R50: FALSE | S50: FALSE | T50: FALSE | V50: FALSE | W50: FALSE | X50: FALSE | Y50: FALSE | Z50: TRUE | AA50: TRUE | AB50: FALSE | AC50: FALSE | AE50: POINT (-73.9584970643213 40.7982886348696)
A51: -73.97603 | B51: 40.768195 | C51: 3E-PM-1008-07 | D51: 03E | E51: PM | F51: 10082018 | G51: 7 | H51: Adult | I51: Gray | J51: Cinnamon | K51: Gray+Cinnamon | M51: Ground Plane | N51: FALSE | P51: FALSE | Q51: FALSE | R51: FALSE | S51: TRUE | T51: TRUE | V51: FALSE | W51: FALSE | X51: FALSE | Y51: FALSE | Z51: FALSE | AA51: FALSE | AB51: TRUE | AC51: FALSE | AE51: POINT (-73.9760298241178 40.7681954366911)
A52: -73.95688 | B52: 40.79724 | C52: 39C-PM-1006-01 | D52: 39C | E52: PM | F52: 10062018 | G52: 1 | H52: Adult | I52: Gray | K52: Gray+ | M52: Ground Plane | N52: FALSE | P52: TRUE | Q52: FALSE | R52: FALSE | S52: FALSE | T52: TRUE | V52: FALSE | W52: FALSE | X52: FALSE | Y52: FALSE | Z52: FALSE | AA52: FALSE | AB52: TRUE | AC52: FALSE | AE52: POINT (-73.9568802149818 40.7972399133816)
A53: -73.972464 | B53: 40.769053 | C53: 6G-AM-1008-02 | D53: 06G | E53: AM | F53: 10082018 | G53: 2 | H53: Juvenile | I53: Gray | K53: Gray+ | M53: Ground Plane | N53: FALSE | O53: bush | P53: FALSE | Q53: FALSE | R53: FALSE | S53: FALSE | T53: TRUE | V53: FALSE | W53: FALSE | X53: FALSE | Y53: FALSE | Z53: FALSE | AA53: FALSE | AB53: TRUE | AC53: FALSE | AE53: POINT (-73.9724642436394 40.7690526441109)
A54: -73.969018 | B54: 40.776043 | C54: 14F-AM-1007-05 | D54: 14F | E54: AM | F54: 10072018 | G54: 5 | H54: Juvenile | I54: Gray | J54: Cinnamon | K54: Gray+Cinnamon | M54: Ground Plane | N54: FALSE | P54: FALSE | Q54: FALSE | R54: FALSE | S54: TRUE | T54: FALSE | V54: FALSE | W54: FALSE | X54: FALSE | Y54: FALSE | Z54: FALSE | AA54: FALSE | AB54: TRUE | AC54: FALSE | AE54: POINT (-73.9690175838534 40.7760432720017)
A55: -73.970408 | B55: 40.769028 | C55: 6I-PM-1013-06 | D55: 06I | E55: PM | F55: 10132018 | G55: 6 | H55: Adult | I55: Gray | J55: Cinnamon | K55: Gray+Cinnamon | M55: Ground Plane | N55: FALSE | P55: FALSE | Q55: FALSE | R55: FALSE | S55: FALSE | T55: FALSE | U55: playing with #5 | V55: FALSE | W55: FALSE | X55: FALSE | Y55: FALSE | Z55: TRUE | AA55: FALSE | AB55: FALSE | AC55: FALSE | AE55: POINT (-73.9704082821356 40.7690280985956)
A56: -73.968491 | B56: 40.776881 | C56: 15F-PM-1010-05 | D56: 15F | E56: PM | F56: 10102018 | G56: 5 | H56: Adult | I56: Gray | K56: Gray+ | M56: Ground Plane | N56: FALSE | P56: FALSE | Q56: FALSE | R56: FALSE | S56: FALSE | T56: TRUE | V56: FALSE | W56: FALSE | X56: FALSE | Y56: FALSE | Z56: FALSE | AA56: FALSE | AB56: TRUE | AC56: FALSE | AE56: POINT (-73.9684910712272 40.7768811640021)
A57: -73.976867 | B57: 40.773523 | C57: 8B-PM-1012-02 | D57: 08B | E57: PM | F57: 10122018 | G57: 2 | H57: Adult | I57: Gray | J57: Cinnamon, White | K57: Gray+Cinnamon, White | M57: Ground Plane | N57: FALSE | O57: hiding in bushes | P57: FALSE | Q57: FALSE | R57: FALSE | S57: FALSE | T57: TRUE | V57: FALSE | W57: FALSE | X57: FALSE | Y57: FALSE | Z57: FALSE | AA57: FALSE | AB57: FALSE | AC57: TRUE | AE57: POINT (-73.9768674812942 40.7735232648872)
A58: -73.979708 | B58: 40.769889 | C58: 3A-PM-1017-06 | D58: 03A | E58: PM | F58: 10172018 | G58: 6 | H58: Adult | I58: Gray | J58: Cinnamon | K58: Gray+Cinnamon | M58: Ground Plane | N58: FALSE | P58: FALSE | Q58: FALSE | R58: FALSE | S58: FALSE | T58: TRUE | V58: FALSE | W58: FALSE | X58: FALSE | Y58: FALSE | Z58: FALSE | AA58: FALSE | AB58: FALSE | AC58: TRUE | AE58: POINT (-73.9797084866613 40.7698885241349)
A59: -73.952819 | B59: 40.792313 | C59: 36I-AM-1017-02 | D59: 36I | E59: AM | F59: 10172018 | G59: 2 | H59: Adult | I59: Gray | J59: Cinnamon | K59: Gray+Cinnamon | L59: Cinnamon stripe on back | M59: Ground Plane | N59: FALSE | P59: FALSE | Q59: FALSE | R59: FALSE | S59: FALSE | T59: TRUE | V59: FALSE | W59: FALSE | X59: FALSE | Y59: FALSE | Z59: FALSE | AA59: FALSE | AB59: TRUE | AC59: FALSE | AE59: POINT (-73.952819267977 40.7923130402793)
A60: -73.974563 | B60: 40.76926 | C60: 5E-AM-1008-06 | D60: 05E | E60: AM | F60: 10082018 | G60: 6 | H60: Adult | I60: Cinnamon | J60: White | K60: Cinnamon+White | M60: Ground Plane | N60: FALSE | P60: TRUE | Q60: FALSE | R60: FALSE | S60: FALSE | T60: FALSE | V60: FALSE | W60: FALSE | X60: FALSE | Y60: FALSE | Z60: FALSE | AA60: TRUE | AB60: FALSE | AC60: FALSE | AE60: POINT (-73.9745630038492 40.7692602628745)
A61: -73.9595 | B61: 40.790337 | C61: 32E-PM-1017-13 | D61: 32E | E61: PM | F61: 10172018 | G61: 13 | H61: Adult | I61: Gray | K61: Gray+ | L61: Nothing selected as Primary. Gray selected as Highlights. Made executive adjustments. | P61: FALSE | Q61: FALSE | R61: FALSE | S61: TRUE | T61: TRUE | V61: FALSE | W61: FALSE | X61: FALSE | Y61: FALSE | Z61: FALSE | AA61: FALSE | AB61: TRUE | AC61: FALSE | AE61: POINT (-73.9595002339508 40.7903365788694)
A62: -73.974182 | B62: 40.768949 | C62: 5F-PM-1007-03 | D62: 05F | E62: PM | F62: 10072018 | G62: 3 | H62: Adult | I62: Gray | J62: Cinnamon | K62: Gray+Cinnamon | M62: Ground Plane | N62: FALSE | P62: FALSE | Q62: FALSE | R62: FALSE | S62: FALSE | T62: FALSE | U62: hiding nut | V62: FALSE | W62: FALSE | X62: FALSE | Y62: FALSE | Z62: TRUE | AA62: FALSE | AB62: TRUE | AC62: FALSE | AE62: POINT (-73.9741824992294 40.7689486657963)
A63: -73.974924 | B63: 40.776139 | C63: 11B-PM-1014-05 | D63: 11B | E63: PM | F63: 10142018 | G63: 5 | H63: Adult | I63: Gray | K63: Gray+ | M63: Ground Plane | N63: FALSE | P63: FALSE | Q63: FALSE | R63: FALSE | S63: FALSE | T63: TRUE | V63: FALSE | W63: FALSE | X63: FALSE | Y63: FALSE | Z63: FALSE | AA63: FALSE | AB63: TRUE | AC63: FALSE | AE63: POINT (-73.9749243901189 40.7761393551781)
A64: -73.968381 | B64: 40.778014 | C64: 16E-PM-1018-06 | D64: 16E | E64: PM | F64: 10182018 | G64: 6 | H64: Adult | I64: Cinnamon | J64: Gray | K64: Cinnamon+Gray | M64: Ground Plane | N64: FALSE | O64: On a rock | P64: FALSE | Q64: FALSE | R64: FALSE | S64: FALSE | T64: TRUE | V64: FALSE | W64: FALSE | X64: FALSE | Y64: FALSE | Z64: TRUE | AA64: FALSE | AB64: TRUE | AC64: FALSE | AE64: POINT (-73.968381325559 40.7780143443779)
A65: -73.969424 | B65: 40.77559 | C65: 13F-AM-1007-02 | D65: 13F | E65: AM | F65: 10072018 | G65: 2 | H65: Adult | I65: Cinnamon | J65: White | K65: Cinnamon+White | P65: FALSE | Q65: FALSE | R65: FALSE | S65: TRUE | T65: TRUE | V65: FALSE | W65: FALSE | X65: FALSE | Y65: FALSE | Z65: FALSE | AA65: FALSE | AB65: TRUE | AC65: FALSE | AE65: POINT (-73.96942403275091 40.7755898126674)
A66: -73.9689 | B66: 40.782836 | C66: 20B-PM-1013-10 | D66: 20B | E66: PM | F66: 10132018 | G66: 10 | H66: Adult | I66: Gray | J66: White | K66: Gray+White | M66: Ground Plane | N66: FALSE | P66: FALSE | Q66: FALSE | R66: FALSE | S66: FALSE | T66: TRUE | U66: drank from a pond of rain water | V66: FALSE | W66: FALSE | X66: FALSE | Y66: FALSE | Z66: FALSE | AA66: FALSE | AB66: TRUE | AC66: FALSE | AE66: POINT (-73.9689000978955 40.7828364735236)
A67: -73.980453 | B67: 40.769675 | C67: 3A-PM-1017-05 | D67: 03A | E67: PM | F67: 10172018 | G67: 5 | H67: Adult | I67: Gray | J67: Cinnamon | K67: Gray+Cinnamon | M67: Ground Plane | N67: FALSE | P67: FALSE | Q67: FALSE | R67: FALSE | S67: FALSE | T67: TRUE | V67: FALSE | W67: FALSE | X67: FALSE | Y67: FALSE | Z67: FALSE | AA67: FALSE | AB67: FALSE | AC67: FALSE | AE67: POINT (-73.9804528867547 40.76967536559861)
A68: -73.957625 | B68: 40.787386 | C68: 29H-PM-1006-01 | D68: 29H | E68: PM | F68: 10062018 | G68: 1 | H68: Adult | I68: Gray | K68: Gray+ | M68: Above Ground | N68: 50 | P68: FALSE | Q68: FALSE | R68: TRUE | S68: FALSE | T68: FALSE | U68: sitting | V68: FALSE | W68: FALSE | X68: FALSE | Y68: FALSE | Z68: FALSE | AA68: FALSE | AB68: TRUE | AC68: FALSE | AE68: POINT (-73.9576245992455 40.7873862510001)
A69: -73.966601 | B69: 40.78451 | C69: 23C-PM-1014-03 | D69: 23C | E69: PM | F69: 10142018 | G69: 3 | H69: Adult | I69: Gray | K69: Gray+ | M69: Above Ground | N69: 8 | P69: FALSE | Q69: TRUE | R69: FALSE | S69: FALSE | T69: FALSE | U69: chasing (#4 across trees) | V69: FALSE | W69: FALSE | X69: FALSE | Y69: FALSE | Z69: FALSE | AA69: FALSE | AB69: FALSE | AC69: FALSE | AE69: POINT (-73.9666007935638 40.7845098131567)
A70: -73.961485 | B70: 40.792265 | C70: 33C-PM-1007-03 | D70: 33C | E70: PM | F70: 10072018 | G70: 3 | H70: Adult | I70: Gray | J70: White | K70: Gray+White | M70: Ground Plane | N70: FALSE | P70: FALSE | Q70: FALSE | R70: FALSE | S70: FALSE | T70: TRUE | V70: FALSE | W70: FALSE | X70: FALSE | Y70: FALSE | Z70: TRUE | AA70: FALSE | AB70: TRUE | AC70: FALSE | AE70: POINT (-73.96148483609 40.7922645521905)
A71: -73.954665 | B71: 40.794764 | C71: 38G-PM-1020-09 | D71: 38G | E71: PM | F71: 10202018 | G71: 9 | H71: Adult | I71: Gray | J71: Cinnamon, White | K71: Gray+Cinnamon, White | M71: Ground Plane | N71: FALSE | P71: FALSE | Q71: FALSE | R71: FALSE | S71: TRUE | T71: TRUE | V71: FALSE | W71: FALSE | X71: FALSE | Y71: TRUE | Z71: FALSE | AA71: FALSE | AB71: TRUE | AC71: FALSE | AE71: POINT (-73.9546654184146 40.7947639241491)
A72: -73.966711 | B72: 40.77688 | C72: 16G-PM-1017-01 | D72: 16G | E72: PM | F72: 10172018 | G72: 1 | H72: Adult | I72: Gray | J72: Cinnamon, White | K72: Gray+Cinnamon, White | M72: Ground Plane | N72: FALSE | P72: FALSE | Q72: FALSE | R72: FALSE | S72: FALSE | T72: TRUE | V72: FALSE | W72: FALSE | X72: FALSE | Y72: FALSE | Z72: FALSE | AA72: FALSE | AB72: TRUE | AC72: FALSE | AE72: POINT (-73.9667114027214 40.7768804702473)
A73: -73.953004 | B73: 40.792182 | C73: 36I-PM-1007-07 | D73: 36I | E73: PM | F73: 10072018 | G73: 7 | H73: Adult | I73: Gray | K73: Gray+ | M73: Ground Plane | N73: FALSE | P73: FALSE | Q73: FALSE | R73: FALSE | S73: FALSE | T73: TRUE | V73: FALSE | W73: FALSE | X73: FALSE | Y73: FALSE | Z73: FALSE | AA73: FALSE | AB73: TRUE | AC73: FALSE | AE73: POINT (-73.9530035564643 40.7921822457613)
A74: -73.96157 | B74: 40.795128 | C74: 35A-AM-1014-03 | D74: 35A | E74: AM | F74: 10142018 | G74: 3 | H74: Adult | I74: Gray | J74: White | K74: Gray+White | M74: Ground Plane | N74: FALSE | P74: FALSE | Q74: FALSE | R74: FALSE | S74: FALSE | T74: TRUE | V74: FALSE | W74: FALSE | X74: FALSE | Y74: FALSE | Z74: FALSE | AA74: FALSE | AB74: TRUE | AC74: FALSE | AE74: POINT (-73.9615696577673 40.7951278622399)
A75: -73.964475 | B75: 40.788384 | C75: 28C-PM-1006-01 | D75: 28C | E75: PM | F75: 10062018 | G75: 1 | H75: Adult | I75: Gray | J75: Cinnamon | K75: Gray+Cinnamon | M75: Ground Plane | N75: FALSE | P75: FALSE | Q75: FALSE | R75: FALSE | S75: FALSE | T75: FALSE | U75: gathering acorns | V75: FALSE | W75: FALSE | X75: FALSE | Y75: TRUE | Z75: FALSE | AA75: FALSE | AB75: FALSE | AC75: TRUE | AD75: gnd to tree | AE75: POINT (-73.964474836001 40.7883840104749)
A76: -73.961071 | B76: 40.791483 | C76: 32D-AM-1013-06 | D76: 32D | E76: AM | F76: 10132018 | G76: 6 | H76: Adult | I76: Cinnamon | K76: Cinnamon+ | M76: Ground Plane | N76: FALSE | P76: TRUE | Q76: FALSE | R76: FALSE | S76: TRUE | T76: TRUE | U76: eating (a mushroom),circles around us,really fat,scratching himself,grooming activity | V76: FALSE | W76: FALSE | X76: FALSE | Y76: FALSE | Z76: TRUE | AA76: TRUE | AB76: FALSE | AC76: FALSE | AE76: POINT (-73.9610705592868 40.7914829661051)
A77: -73.968845 | B77: 40.78453 | C77: 22A-AM-1008-05 | D77: 22A | E77: AM | F77: 10082018 | G77: 5 | H77: Adult | I77: Gray | J77: White | K77: Gray+White | M77: Above Ground | N77: 3 | O77: trash can | P77: FALSE | Q77: FALSE | R77: FALSE | S77: TRUE | T77: FALSE | V77: FALSE | W77: FALSE | X77: FALSE | Y77: TRUE | Z77: FALSE | AA77: FALSE | AB77: FALSE | AC77: TRUE | AE77: POINT (-73.9688454483585 40.7845301288163)
A78: -73.957824 | B78: 40.798096 | C78: 40B-PM-1014-06 | D78: 40B | E78: PM | F78: 10142018 | G78: 6 | H78: Adult | I78: Gray | J78: Cinnamon | K78: Gray+Cinnamon | M78: Ground Plane | N78: FALSE | P78: TRUE | Q78: FALSE | R78: FALSE | S78: FALSE | T78: FALSE | V78: FALSE | W78: FALSE | X78: FALSE | Y78: FALSE | Z78: FALSE | AA78: FALSE | AB78: TRUE | AC78: FALSE | AE78: POINT (-73.9578237168359 40.7980959471034)
A79: -73.968827 | B79: 40.780972 | C79: 19C-PM-1018-01 | D79: 19C | E79: PM | F79: 10182018 | G79: 1 | H79: Adult | I79: Gray | J79: White | K79: Gray+White | M79: Ground Plane | N79: FALSE | P79: TRUE | Q79: TRUE | R79: FALSE | S79: TRUE | T79: FALSE | V79: FALSE | W79: FALSE | X79: FALSE | Y79: FALSE | Z79: TRUE | AA79: FALSE | AB79: TRUE | AC79: FALSE | AE79: POINT (-73.9688271202401 40.7809719445309)
A80: -73.961709 | B80: 40.794459 | C80: 35A-PM-1013-06 | D80: 35A | E80: PM | F80: 10132018 | G80: 6 | H80: Adult | I80: Cinnamon | K80: Cinnamon+ | M80: Ground Plane | N80: FALSE | P80: TRUE | Q80: FALSE | R80: FALSE | S80: FALSE | T80: FALSE | V80: FALSE | W80: FALSE | X80: FALSE | Y80: FALSE | Z80: FALSE | AA80: FALSE | AB80: FALSE | AC80: TRUE | AE80: POINT (-73.9617088749928 40.7944585082367)
A81: -73.970182 | B81: 40.776653 | C81: 14E-AM-1008-09 | D81: 14E | E81: AM | F81: 10082018 | G81: 9 | H81: Adult | I81: Gray | K81: Gray+ | M81: Ground Plane | N81: FALSE | P81: TRUE | Q81: TRUE | R81: FALSE | S81: FALSE | T81: FALSE | V81: TRUE | W81: FALSE | X81: FALSE | Y81: FALSE | Z81: FALSE | AA81: FALSE | AB81: FALSE | AC81: TRUE | AE81: POINT (-73.9701824825872 40.7766530579293)
A82: -73.967641 | B82: 40.776604 | C82: 15G-PM-1019-05 | D82: 15G | E82: PM | F82: 10192018 | G82: 5 | H82: Adult | I82: Gray | J82: Cinnamon | K82: Gray+Cinnamon | M82: Above Ground | N82: 4 | P82: FALSE | Q82: FALSE | R82: TRUE | S82: FALSE | T82: FALSE | V82: FALSE | W82: FALSE | X82: FALSE | Y82: FALSE | Z82: FALSE | AA82: FALSE | AB82: FALSE | AC82: FALSE | AE82: POINT (-73.9676410497481 40.7766043512974)
A83: -73.970873 | B83: 40.772357 | C83: 10F-AM-1007-02 | D83: 10F | E83: AM | F83: 10072018 | G83: 2 | H83: Adult | I83: Gray | K83: Gray+ | M83: Above Ground | N83: 70 | P83: FALSE | Q83: FALSE | R83: TRUE | S83: FALSE | T83: FALSE | V83: FALSE | W83: FALSE | X83: FALSE | Y83: FALSE | Z83: FALSE | AA83: FALSE | AB83: FALSE | AC83: FALSE | AE83: POINT (-73.9708726050721 40.7723572030236)
A84: -73.954145 | B84: 40.798216 | C84: 42E-PM-1012-06 | D84: 42E | E84: PM | F84: 10122018 | G84: 6 | H84: Adult | I84: Cinnamon | J84: Gray, White | K84: Cinnamon+Gray, White | M84: Ground Plane | N84: FALSE | P84: TRUE | Q84: FALSE | R84: FALSE | S84: FALSE | T84: TRUE | V84: FALSE | W84: FALSE | X84: FALSE | Y84: FALSE | Z84: FALSE | AA84: FALSE | AB84: FALSE | AC84: TRUE | AE84: POINT (-73.9541453465817 40.79821622237641)
A85: -73.968361 | B85: 40.784293 | C85: 22B-AM-1013-04 | D85: 22B | E85: AM | F85: 10132018 | G85: 4 | H85: Adult | I85: Cinnamon | K85: Cinnamon+ | M85: Ground Plane | N85: FALSE | O85: Under bench | P85: FALSE | Q85: FALSE | R85: FALSE | S85: FALSE | T85: TRUE | V85: FALSE | W85: FALSE | X85: FALSE | Y85: FALSE | Z85: FALSE | AA85: FALSE | AB85: FALSE | AC85: TRUE | AD85: ran from dog-walker | AE85: POINT (-73.9683608295976 40.7842927405327)
A86: -73.968052 | B86: 40.777339 | C86: 15F-PM-1010-06 | D86: 15F | E86: PM | F86: 10102018 | G86: 6 | H86: Adult | I86: Gray | K86: Gray+ | M86: Ground Plane | N86: FALSE | P86: FALSE | Q86: FALSE | R86: FALSE | S86: FALSE | T86: TRUE | V86: FALSE | W86: FALSE | X86: FALSE | Y86: FALSE | Z86: FALSE | AA86: FALSE | AB86: TRUE | AC86: FALSE | AE86: POINT (-73.968052057989 40.777338666528)
A87: -73.978718 | B87: 40.771588 | C87: 5A-AM-1006-05 | D87: 05A | E87: AM | F87: 10062018 | G87: 5 | H87: Adult | I87: Gray | J87: Cinnamon | K87: Gray+Cinnamon | M87: Ground Plane | N87: FALSE | O87: near 65th St arch | P87: FALSE | Q87: FALSE | R87: FALSE | S87: FALSE | T87: TRUE | V87: FALSE | W87: FALSE | X87: FALSE | Y87: TRUE | Z87: FALSE | AA87: FALSE | AB87: FALSE | AC87: TRUE | AE87: POINT (-73.9787180870736 40.7715877863274)
A88: -73.956591 | B88: 40.789565 | C88: 32H-PM-1006-01 | D88: 32H | E88: PM | F88: 10062018 | G88: 1 | I88: Gray | K88: Gray+ | M88: Above Ground | O88: in the European Beech | P88: FALSE | Q88: FALSE | R88: TRUE | S88: FALSE | T88: FALSE | V88: FALSE | W88: FALSE | X88: FALSE | Y88: FALSE | Z88: FALSE | AA88: FALSE | AB88: FALSE | AC88: FALSE | AE88: POINT (-73.9565905868276 40.7895654068546)
A89: -73.956576 | B89: 40.799246 | C89: 42C-AM-1007-02 | D89: 42C | E89: AM | F89: 10072018 | G89: 2 | K89: + | P89: FALSE | Q89: FALSE | R89: FALSE | S89: FALSE | T89: FALSE | V89: FALSE | W89: TRUE | X89: FALSE | Y89: FALSE | Z89: FALSE | AA89: FALSE | AB89: FALSE | AC89: FALSE | AE89: POINT (-73.9565759733611 40.7992461674802)
A90: -73.955154 | B90: 40.798738 | C90: 41D-AM-1014-01 | D90: 41D | E90: AM | F90: 10142018 | G90: 1 | H90: Adult | I90: Gray | J90: Black | K90: Gray+Black | M90: Ground Plane | N90: FALSE | P90: FALSE | Q90: FALSE | R90: FALSE | S90: FALSE | T90: TRUE | U90: digging | V90: FALSE | W90: FALSE | X90: FALSE | Y90: FALSE | Z90: FALSE | AA90: FALSE | AB90: TRUE | AC90: FALSE | AE90: POINT (-73.9551539498306 40.7987384656256)
A91: -73.964197 | B91: 40.781354 | C91: 21G-PM-1007-01 | D91: 21G | E91: PM | F91: 10072018 | G91: 1 | H91: Adult | I91: Gray | J91: Cinnamon | K91: Gray+Cinnamon | M91: Ground Plane | N91: FALSE | P91: FALSE | Q91: FALSE | R91: FALSE | S91: TRUE | T91: FALSE | V91: FALSE | W91: FALSE | X91: FALSE | Y91: TRUE | Z91: FALSE | AA91: FALSE | AB91: TRUE | AC91: FALSE | AE91: POINT (-73.9641971813967 40.7813537959435)
A92: -73.969288 | B92: 40.776855 | C92: 14E-AM-1008-02 | D92: 14E | E92: AM | F92: 10082018 | G92: 2 | H92: Adult | I92: Gray | K92: Gray+ | M92: Ground Plane | N92: FALSE | P92: TRUE | Q92: FALSE | R92: FALSE | S92: FALSE | T92: TRUE | U92: walking | V92: FALSE | W92: FALSE | X92: FALSE | Y92: FALSE | Z92: FALSE | AA92: FALSE | AB92: FALSE | AC92: TRUE | AE92: POINT (-73.9692883970928 40.7768553703082)
A93: -73.970855 | B93: 40.769959 | C93: 7H-PM-1006-04 | D93: 07H | E93: PM | F93: 10062018 | G93: 4 | H93: Adult | I93: Gray | K93: Gray+ | M93: Above Ground | N93: 12 | O93: on tree knob | P93: FALSE | Q93: FALSE | R93: FALSE | S93: FALSE | T93: FALSE | U93: sitting | V93: FALSE | W93: FALSE | X93: FALSE | Y93: FALSE | Z93: FALSE | AA93: FALSE | AB93: TRUE | AC93: FALSE | AE93: POINT (-73.9708549670788 40.7699587019058)
A94: -73.963974 | B94: 40.782511 | C94: 22F-AM-1007-01 | D94: 22F | E94: AM | F94: 10072018 | G94: 1 | H94: Adult | I94: Gray | J94: Cinnamon | K94: Gray+Cinnamon | M94: Ground Plane | N94: FALSE | P94: FALSE | Q94: FALSE | R94: TRUE | S94: FALSE | T94: TRUE | V94: FALSE | W94: FALSE | X94: FALSE | Y94: FALSE | Z94: FALSE | AA94: FALSE | AB94: TRUE | AC94: FALSE | AE94: POINT (-73.9639744005647 40.7825111950764)
A95: -73.973028 | B95: 40.771215 | C95: 7F-AM-1008-16 | D95: 07F | E95: AM | F95: 10082018 | G95: 16 | H95: Juvenile | I95: Gray | K95: Gray+ | M95: Above Ground | N95: 2 | O95: tree | P95: FALSE | Q95: FALSE | R95: FALSE | S95: FALSE | T95: FALSE | V95: FALSE | W95: FALSE | X95: FALSE | Y95: FALSE | Z95: FALSE | AA95: FALSE | AB95: FALSE | AC95: TRUE | AE95: POINT (-73.9730277911422 40.7712145488828)
A96: -73.971054 | B96: 40.772469 | C96: 10F-PM-1019-05 | D96: 10F | E96: PM | F96: 10192018 | G96: 5 | H96: Adult | I96: Black | K96: Black+ | M96: Above Ground | N96: 10 | O96: Behind fence, tree | P96: FALSE | Q96: FALSE | R96: TRUE | S96: FALSE | T96: FALSE | V96: FALSE | W96: FALSE | X96: FALSE | Y96: FALSE | Z96: FALSE | AA96: FALSE | AB96: TRUE | AC96: FALSE | AE96: POINT (-73.9710541405708 40.7724691605718)
A97: -73.976159 | B97: 40.774721 | C97: 10A-AM-1006-04 | D97: 10A | E97: AM | F97: 10062018 | G97: 4 | H97: Juvenile | I97: Gray | K97: Gray+ | M97: Above Ground | N97: 10 | O97: tree near large rock on Bridle Path | P97: FALSE | Q97: FALSE | R97: FALSE | S97: FALSE | T97: FALSE | U97: walking on branch | V97: FALSE | W97: FALSE | X97: FALSE | Y97: FALSE | Z97: TRUE | AA97: FALSE | AB97: FALSE | AC97: FALSE | AE97: POINT (-73.9761592532482 40.7747213585387)
A98: -73.954401 | B98: 40.795069 | C98: 38F-PM-1013-05 | D98: 38F | E98: PM | F98: 10132018 | G98: 5 | H98: Juvenile | I98: Gray | J98: Cinnamon | K98: Gray+Cinnamon | M98: Ground Plane | N98: FALSE | P98: FALSE | Q98: FALSE | R98: FALSE | S98: FALSE | T98: TRUE | U98: being chased,was pushed by other squirrel | V98: TRUE | W98: TRUE | X98: FALSE | Y98: FALSE | Z98: FALSE | AA98: FALSE | AB98: FALSE | AC98: FALSE | AE98: POINT (-73.9544007658685 40.7950689723135)
A99: -73.957599 | B99: 40.799368 | C99: 41B-PM-1014-01 | D99: 41B | E99: PM | F99: 10142018 | G99: 1 | H99: Adult | I99: Gray | J99: White | K99: Gray+White | M99: Above Ground | N99: 25 | O99: Climbing tree | P99: FALSE | Q99: FALSE | R99: TRUE | S99: FALSE | T99: FALSE | U99: climbing (tree) | V99: FALSE | W99: FALSE | X99: FALSE | Y99: FALSE | Z99: FALSE | AA99: FALSE | AB99: FALSE | AC99: TRUE | AE99: POINT (-73.9575986161364 40.799368134968)
A100: -73.96077 | B100: 40.795542 | C100: 36A-PM-1013-07 | D100: 36A | E100: PM | F100: 10132018 | G100: 7 | I100: Gray | K100: Gray+ | M100: Ground Plane | N100: FALSE | O100: "FIELD" | P100: FALSE | Q100: TRUE | R100: FALSE | S100: FALSE | T100: FALSE | U100: chasing #8 | V100: FALSE | W100: FALSE | X100: FALSE | Y100: FALSE | Z100: FALSE | AA100: FALSE | AB100: FALSE | AC100: TRUE | AE100: POINT (-73.9607701370443 40.7955418990855)
...

Sheet Fake_Squirrel_Data
A1: X | B1: Y | C1: Hectare | D1: Shift | E1: Date | F1: Hectare Squirrel Number | G1: Age | H1: Primary Fur Color | I1: Highlight Fur Color | J1: Combination of Primary and Highlight Color | K1: Color notes | L1: Location | M1: Above Ground Sighter Measurement | N1: Specific Location | O1: Running | P1: Chasing | Q1: Climbing | R1: Eating | S1: Foraging | T1: Kuks | U1: Quaas | V1: Moans | W1: Tail flags | X1: Tail twitches | Y1: Approaches | Z1: Indifferent | AA1: Runs from | AB1: Other Activities | AC1: Unique Squirrel ID
A2: -73.969384 | B2: 40.771429 | C2: 36C | D2: AM | E2: 43389 | F2: 12 | G2: ? | H2: Gray | I2: Black | J2: Gray+White | K2: Short tail | L2: Ground Plane | M2: FALSE | N2: Running down tree | O2: FALSE | P2: FALSE | Q2: TRUE | R2: TRUE | S2: TRUE | T2: FALSE | U2: TRUE | V2: FALSE | W2: FALSE | X2: TRUE | Y2: FALSE | Z2: FALSE | AA2: FALSE | AB2: jumping between branches | AC2: 36C-AM-835712-25
A3: -73.951271 | B3: 40.78399 | C3: 06A | D3: PM | E3: 43388 | F3: 1 | G3: Juvenile | H3: Black | I3: Gray, Black | J3: Gray+Black, Cinnamon | K3: Gray, Black, & Cinnamon selected as Primary. Cinnamon & White selected as Highlights. Made executive adjustments. | L3: Above Ground | M3: 12 | N3: in grass by light post | O3: TRUE | P3: TRUE | Q3: FALSE | R3: TRUE | S3: FALSE | T3: TRUE | U3: FALSE | V3: TRUE | W3: TRUE | X3: FALSE | Y3: TRUE | Z3: TRUE | AA3: TRUE | AB3: laid down on the branch | AC3: 06A-PM-390530-29
A4: -73.958147 | B4: 40.795645 | C4: 36C | D4: AM | E4: 43390 | F4: 23 | G4: Adult | H4: Black | I4: Gray, Black | J4: Gray+ | K4: Cinnamon head | L4: Ground Plane | M4: FALSE | N4: lawn moving east over Park path | O4: FALSE | P4: TRUE | Q4: TRUE | R4: TRUE | S4: TRUE | T4: TRUE | U4: FALSE | V4: TRUE | W4: FALSE | X4: TRUE | Y4: FALSE | Z4: TRUE | AA4: TRUE | AB4: walking on branch | AC4: 36C-AM-690940-20
A5: -73.962339 | B5: 40.790691 | C5: 31I | D5: PM | E5: 43387 | F5: 22 | G5: Juvenile | H5: Black | I5: Cinnamon, White | J5: Black+ | K5: Gray & Cinnamon selected as Primary: "much browner, like 1/2 & 1/2". | L5: Above Ground | M5: 7 | N5: Ground then up tree | O5: FALSE | P5: TRUE | Q5: FALSE | R5: FALSE | S5: TRUE | T5: FALSE | U5: FALSE | V5: TRUE | W5: FALSE | X5: FALSE | Y5: TRUE | Z5: TRUE | AA5: TRUE | AB5: hopping around grass | AC5: 31I-PM-984555-05
A6: -73.976254 | B6: 40.793308 | C6: 39A | D6: AM | E6: 43384 | F6: 8 | G6: Adult | H6: Cinnamon | I6: Black, Cinnamon | J6: Cinnamon+Gray, Black | K6: vid! | L6: Above Ground | M6: 20 | N6: Fence | O6: FALSE | P6: FALSE | Q6: FALSE | R6: TRUE | S6: FALSE | T6: FALSE | U6: FALSE | V6: FALSE | W6: FALSE | X6: FALSE | Y6: TRUE | Z6: FALSE | AA6: TRUE | AB6: playing w/ #8 | AC6: 39A-AM-999915-29
A7: -73.976255 | B7: 40.788105 | C7: 25B | D7: AM | E7: 43390 | F7: 5 | G7: Juvenile | H7: Black | I7: Black, Cinnamon, White | J7: Cinnamon+Gray, White | K7: Cinnamon & White selected as Primary. Cinnamon & White selected as Highlights. Made executive adjustments. | L7: Ground Plane | M7: FALSE | N7: in grass | O7: FALSE | P7: FALSE | Q7: FALSE | R7: TRUE | S7: TRUE | T7: TRUE | U7: FALSE | V7: TRUE | W7: FALSE | X7: TRUE | Y7: FALSE | Z7: TRUE | AA7: TRUE | AB7: playing w/ #6 | AC7: 25B-AM-236659-05
A8: -73.979333 | B8: 40.789284 | C8: 12G | D8: AM | E8: 43387 | F8: 15 | G8: Juvenile | H8: Gray | I8: Gray | J8: + | K8: Cinnamon back. Gray & Cinnamon selected as Primary. White selected as Highlights. Made executive adjustments. | L8: Ground Plane | M8: FALSE | N8: on tree trunk | O8: TRUE | P8: TRUE | Q8: TRUE | R8: TRUE | S8: FALSE | T8: TRUE | U8: FALSE | V8: FALSE | W8: FALSE | X8: TRUE | Y8: TRUE | Z8: FALSE | AA8: FALSE | AB8: small jumps | AC8: 12G-AM-836699-01
A9: -73.953929 | B9: 40.794809 | C9: 18G | D9: AM | E9: 43386 | F9: 1 | G9: ? | H9: Black | I9: Black, Cinnamon, White | J9: Cinnamon+Gray, Black | K9: Beautiful white puff at the end of its tail | L9: Ground Plane | M9: FALSE | N9: on a checker table | O9: TRUE | P9: TRUE | Q9: FALSE | R9: TRUE | S9: TRUE | T9: TRUE | U9: TRUE | V9: FALSE | W9: TRUE | X9: FALSE | Y9: TRUE | Z9: FALSE | AA9: TRUE | AB9: pulling things off branches | AC9: 18G-AM-935471-09
A10: -73.962261 | B10: 40.773701 | C10: 40C | D10: AM | E10: 43386 | F10: 1 | G10: Juvenile | H10: Gray | I10: Gray, Black | J10: Gray+Black | K10: Cinnamon head | L10: Ground Plane | M10: FALSE | N10: lower branch of tree | O10: TRUE | P10: TRUE | Q10: TRUE | R10: FALSE | S10: FALSE | T10: TRUE | U10: FALSE | V10: TRUE | W10: FALSE | X10: TRUE | Y10: TRUE | Z10: TRUE | AA10: FALSE | AB10: for food | AC10: 40C-AM-462793-29
A11: -73.958899 | B11: 40.782142 | C11: 18I | D11: AM | E11: 43379 | F11: 25 | G11: Juvenile | H11: Black | I11: Black, Cinnamon, White | J11: Gray+ | K11: unknown - cannot see, only hear | L11: Above Ground | M11: 12 | N11: Behind fence, tree trunk | O11: TRUE | P11: TRUE | Q11: TRUE | R11: FALSE | S11: TRUE | T11: TRUE | U11: FALSE | V11: FALSE | W11: FALSE | X11: FALSE | Y11: FALSE | Z11: TRUE | AA11: TRUE | AB11: climbing fence! | AC11: 18I-AM-816748-16
A12: -73.980511 | B12: 40.772699 | C12: 22B | D12: AM | E12: 43391 | F12: 10 | G12: Adult | H12: Black | I12: Gray, White | J12: Gray+Black, Cinnamon | K12: No Tail! | L12: Ground Plane | M12: FALSE | N12: Running along stone ledge | O12: TRUE | P12: FALSE | Q12: TRUE | R12: FALSE | S12: FALSE | T12: FALSE | U12: TRUE | V12: TRUE | W12: FALSE | X12: TRUE | Y12: FALSE | Z12: TRUE | AA12: FALSE | AB12: laid down on the branch | AC12: 22B-AM-103005-20
A13: -73.950668 | B13: 40.799684 | C13: 40B | D13: AM | E13: 43387 | F13: 22 | G13: ? | H13: Gray | I13: White | J13: Gray+Cinnamon, White | K13: patches of white on haunches | L13: Ground Plane | M13: FALSE | N13: Ground & Tree Base | O13: FALSE | P13: FALSE | Q13: FALSE | R13: FALSE | S13: TRUE | T13: TRUE | U13: TRUE | V13: TRUE | W13: TRUE | X13: FALSE | Y13: FALSE | Z13: FALSE | AA13: TRUE | AB13: very quietly searching in long grass | AC13: 40B-AM-378364-25
A14: -73.954989 | B14: 40.798149 | C14: 18E | D14: AM | E14: 43384 | F14: 10 | G14: Adult | H14: Black | I14: Gray, Black | J14: Black+Gray | K14: Gray on legs | L14: Ground Plane | M14: FALSE | N14: road | O14: TRUE | P14: FALSE | Q14: FALSE | R14: TRUE | S14: FALSE | T14: TRUE | U14: TRUE | V14: FALSE | W14: FALSE | X14: FALSE | Y14: TRUE | Z14: FALSE | AA14: TRUE | AB14: foraging (foraged,ran to tree root,munched) | AC14: 18E-AM-835043-14
A15: -73.974483 | B15: 40.766299 | C15: 25I | D15: PM | E15: 43387 | F15: 21 | G15: Adult | H15: Black | I15: Gray, Black | J15: Cinnamon+Gray, Black | K15: Cinnamon on shoulders | L15: Ground Plane | M15: FALSE | N15: Elm tree | O15: FALSE | P15: TRUE | Q15: FALSE | R15: TRUE | S15: FALSE | T15: TRUE | U15: TRUE | V15: FALSE | W15: FALSE | X15: TRUE | Y15: TRUE | Z15: TRUE | AA15: FALSE | AB15: chasing #15 | AC15: 25I-PM-622779-05
A16: -73.975443 | B16: 40.789752 | C16: 08I | D16: PM | E16: 43381 | F16: 15 | G16: ? | H16: Black | I16: White | J16: Black+Cinnamon | K16: Gray & Cinnamon selected as Primary. White selected as Highlights. Made executive adjustments. | L16: Ground Plane | M16: FALSE | N16: on fallen tree | O16: FALSE | P16: TRUE | Q16: FALSE | R16: TRUE | S16: TRUE | T16: TRUE | U16: TRUE | V16: FALSE | W16: FALSE | X16: TRUE | Y16: FALSE | Z16: FALSE | AA16: FALSE | AB16: standing | AC16: 08I-PM-231148-25
A17: -73.975393 | B17: 40.797487 | C17: 19H | D17: AM | E17: 43390 | F17: 17 | G17: ? | H17: Cinnamon | I17: Black | J17: Gray+Cinnamon, White | K17: primary color: brown ( I marked cinnamon as closest to brown - JO) | L17: Above Ground | M17: 10 | N17: under bench | O17: FALSE | P17: FALSE | Q17: FALSE | R17: TRUE | S17: FALSE | T17: TRUE | U17: TRUE | V17: TRUE | W17: FALSE | X17: FALSE | Y17: FALSE | Z17: TRUE | AA17: TRUE | AB17: chillin' | AC17: 19H-AM-250018-05
A18: -73.971594 | B18: 40.771268 | C18: 06F | D18: PM | E18: 43381 | F18: 22 | G18: ? | H18: Gray | I18: White | J18: Cinnamon+Gray, Black | K18: Listed as primary white with cinnamon highlights, I changed to Gray/cinnamon - JO | L18: Ground Plane | M18: FALSE | N18: high in tree, couldn't see it, only heard it | O18: TRUE | P18: TRUE | Q18: FALSE | R18: TRUE | S18: FALSE | T18: TRUE | U18: FALSE | V18: FALSE | W18: TRUE | X18: TRUE | Y18: TRUE | Z18: TRUE | AA18: TRUE | AB18: up on hind legs looking around | AC18: 06F-PM-909903-19
A19: -73.964662 | B19: 40.784907 | C19: 24B | D19: AM | E19: 43384 | F19: 6 | G19: Juvenile | H19: Black | I19: Black, Cinnamon, White | J19: Gray+Cinnamon | K19: Gray, Black, & Cinnamon selected as Primary. Cinnamon & White selected as Highlights. Made executive adjustments. | L19: Above Ground | M19: 12 | N19: oak tree at end of ramp from Chess House | O19: FALSE | P19: FALSE | Q19: FALSE | R19: TRUE | S19: TRUE | T19: TRUE | U19: TRUE | V19: TRUE | W19: FALSE | X19: TRUE | Y19: FALSE | Z19: TRUE | AA19: FALSE | AB19: jumping | AC19: 24B-AM-554747-19
A20: -73.96758 | B20: 40.797143 | C20: 38H | D20: AM | E20: 43387 | F20: 3 | G20: ? | H20: Gray | I20: Gray, White | J20: Cinnamon+Gray | K20: Looks very brown, not like English red squirrels | L20: Ground Plane | M20: FALSE | N20: on railing | O20: FALSE | P20: FALSE | Q20: TRUE | R20: FALSE | S20: TRUE | T20: TRUE | U20: TRUE | V20: TRUE | W20: TRUE | X20: FALSE | Y20: FALSE | Z20: TRUE | AA20: TRUE | AB20: hiding from bird | AC20: 38H-AM-271792-18
A21: -73.972003 | B21: 40.766106 | C21: 08G | D21: PM | E21: 43385 | F21: 13 | G21: ? | H21: Gray | I21: Cinnamon, White | J21: Cinnamon+Black, White | K21: Gray & Cinnamon selected as Primary. Gray & White selected as Highlights. Made executive adjustments. | L21: Ground Plane | M21: FALSE | N21: middle of grass | O21: TRUE | P21: FALSE | Q21: FALSE | R21: TRUE | S21: TRUE | T21: FALSE | U21: TRUE | V21: FALSE | W21: TRUE | X21: FALSE | Y21: TRUE | Z21: TRUE | AA21: TRUE | AB21: playing tag together | AC21: 08G-PM-614513-25
A22: -73.961924 | B22: 40.789465 | C22: 12I | D22: AM | E22: 43392 | F22: 16 | G22: ? | H22: Gray | I22: Black | J22: Gray+ | K22: Sighting was far away | L22: Ground Plane | M22: FALSE | N22: Baseball field #3 | O22: FALSE | P22: FALSE | Q22: TRUE | R22: TRUE | S22: TRUE | T22: FALSE | U22: TRUE | V22: FALSE | W22: FALSE | X22: TRUE | Y22: TRUE | Z22: TRUE | AA22: FALSE | AB22: burying nuts | AC22: 12I-AM-374006-08
A23: -73.976773 | B23: 40.77538 | C23: 14I | D23: AM | E23: 43391 | F23: 8 | G23: Adult | H23: Black | I23: Black, White | J23: Black+Gray | K23: too far to note 30' | L23: Above Ground | M23: 15 | N23: in the European Beech | O23: FALSE | P23: TRUE | Q23: TRUE | R23: TRUE | S23: TRUE | T23: TRUE | U23: FALSE | V23: FALSE | W23: FALSE | X23: TRUE | Y23: FALSE | Z23: FALSE | AA23: TRUE | AB23: playing w/ #7 | AC23: 14I-AM-168273-09
A24: -73.971974 | B24: 40.797457 | C24: 16F | D24: PM | E24: 43381 | F24: 30 | G24: Adult | H24: Black | I24: Cinnamon, White | J24: Gray+Black | K24: had .5 of a tail | L24: Ground Plane | M24: FALSE | N24: in a tree | O24: FALSE | P24: FALSE | Q24: FALSE | R24: FALSE | S24: TRUE | T24: FALSE | U24: TRUE | V24: FALSE | W24: TRUE | X24: FALSE | Y24: FALSE | Z24: FALSE | AA24: TRUE | AB24: flying | AC24: 16F-PM-646076-19
A25: -73.969641 | B25: 40.7991 | C25: 36H | D25: PM | E25: 43381 | F25: 15 | G25: Juvenile | H25: Gray | I25: Cinnamon | J25: Gray+Black | K25: (very brown) | L25: Above Ground | M25: 5 | N25: up a tree | O25: TRUE | P25: TRUE | Q25: FALSE | R25: TRUE | S25: FALSE | T25: FALSE | U25: TRUE | V25: TRUE | W25: FALSE | X25: FALSE | Y25: FALSE | Z25: FALSE | AA25: FALSE | AB25: chasing (#7) | AC25: 36H-PM-170185-29
A26: -73.966821 | B26: 40.798156 | C26: 22B | D26: AM | E26: 43380 | F26: 17 | G26: Adult | H26: Cinnamon | I26: Cinnamon | J26: Black+Gray | K26: Can't tell :( | L26: Above Ground | M26: 12 | N26: elevated ground | O26: FALSE | P26: FALSE | Q26: TRUE | R26: TRUE | S26: FALSE | T26: FALSE | U26: FALSE | V26: FALSE | W26: FALSE | X26: FALSE | Y26: FALSE | Z26: TRUE | AA26: TRUE | AB26: buried nut | AC26: 22B-AM-807649-28
A27: -73.956475 | B27: 40.781607 | C27: 40E | D27: PM | E27: 43387 | F27: 17 | G27: Juvenile | H27: Gray | I27: Cinnamon | J27: Cinnamon+ | K27: Cinnamon & White selected as Primary. Cinnamon & White selected as Highlights. Made executive adjustments. | L27: Ground Plane | M27: FALSE | N27: high in tree, couldn't see it, only heard it | O27: FALSE | P27: FALSE | Q27: TRUE | R27: TRUE | S27: FALSE | T27: FALSE | U27: FALSE | V27: TRUE | W27: FALSE | X27: FALSE | Y27: TRUE | Z27: TRUE | AA27: FALSE | AB27: together w/ #8 | AC27: 40E-PM-763184-25
A28: -73.974881 | B28: 40.795261 | C28: 01B | D28: PM | E28: 43391 | F28: 22 | G28: Adult | H28: Cinnamon | I28: Cinnamon | J28: Gray+Cinnamon | K28: Tiny! So tiny! | L28: Above Ground | M28: 8 | N28: in tall shrubs near wall next to CPW | O28: TRUE | P28: FALSE | Q28: FALSE | R28: FALSE | S28: TRUE | T28: FALSE | U28: FALSE | V28: FALSE | W28: TRUE | X28: FALSE | Y28: FALSE | Z28: TRUE | AA28: FALSE | AB28: climbing (tree) | AC28: 01B-PM-107799-13
A29: -73.964993 | B29: 40.794645 | C29: 09D | D29: AM | E29: 43393 | F29: 26 | G29: ? | H29: Gray | I29: Gray, White | J29: Cinnamon+Black, White | K29: Gray & Cinnamon selected as both Primary and Highlights. Made executive adjustments. | L29: Ground Plane | M29: FALSE | N29: In the Woods/Brush | O29: TRUE | P29: FALSE | Q29: TRUE | R29: TRUE | S29: TRUE | T29: FALSE | U29: TRUE | V29: FALSE | W29: TRUE | X29: FALSE | Y29: FALSE | Z29: FALSE | AA29: TRUE | AB29: going down tree | AC29: 09D-AM-709694-28
A30: -73.962535 | B30: 40.776146 | C30: 29B | D30: PM | E30: 43381 | F30: 13 | G30: Adult | H30: Gray | I30: Cinnamon, White | J30: Gray+Black, Cinnamon | K30: small adult | L30: Ground Plane | M30: FALSE | N30: Open ground | O30: FALSE | P30: TRUE | Q30: TRUE | R30: TRUE | S30: FALSE | T30: TRUE | U30: FALSE | V30: FALSE | W30: FALSE | X30: FALSE | Y30: TRUE | Z30: TRUE | AA30: TRUE | AB30: communicating from tree | AC30: 29B-PM-882703-20
A31: -73.979698 | B31: 40.794095 | C31: 02H | D31: PM | E31: 43389 | F31: 17 | G31: Juvenile | H31: Gray | I31: Black, Cinnamon | J31: Black+White | K31: my favorite | L31: Above Ground | M31: 6 | N31: bushes | O31: TRUE | P31: TRUE | Q31: TRUE | R31: FALSE | S31: FALSE | T31: TRUE | U31: FALSE | V31: TRUE | W31: FALSE | X31: FALSE | Y31: TRUE | Z31: FALSE | AA31: FALSE | AB31: jumping between branches | AC31: 02H-PM-895046-28
A32: -73.962059 | B32: 40.766214 | C32: 22D | D32: AM | E32: 43383 | F32: 6 | G32: Adult | H32: Black | I32: Gray | J32: Gray+Black | K32: just outside hectare | L32: Ground Plane | M32: FALSE | N32: Running from one tree to the other | O32: TRUE | P32: TRUE | Q32: TRUE | R32: TRUE | S32: TRUE | T32: FALSE | U32: FALSE | V32: FALSE | W32: TRUE | X32: TRUE | Y32: TRUE | Z32: TRUE | AA32: FALSE | AB32: sitting still | AC32: 22D-AM-438781-03
A33: -73.975798 | B33: 40.785904 | C33: 16A | D33: PM | E33: 43392 | F33: 17 | G33: ? | H33: Cinnamon | I33: Black | J33: Black+Gray | K33: No Primary Fur Color selected. Made executive adjustment based on other squirrels. | L33: Ground Plane | M33: FALSE | N33: Jumped onto path & then back into brush | O33: TRUE | P33: TRUE | Q33: FALSE | R33: FALSE | S33: FALSE | T33: TRUE | U33: TRUE | V33: TRUE | W33: TRUE | X33: TRUE | Y33: TRUE | Z33: FALSE | AA33: TRUE | AB33: nest building | AC33: 16A-PM-120914-20
A34: -73.979114 | B34: 40.773009 | C34: 06B | D34: PM | E34: 43392 | F34: 16 | G34: Juvenile | H34: Cinnamon | I34: Black, White | J34: Cinnamon+White | K34: Gray, Black, & Cinnamon selected as Primary. Cinnamon & White selected as Highlights. Made executive adjustments. | L34: Above Ground | M34: 6 | N34: On rock | O34: TRUE | P34: FALSE | Q34: FALSE | R34: TRUE | S34: TRUE | T34: FALSE | U34: TRUE | V34: FALSE | W34: TRUE | X34: TRUE | Y34: TRUE | Z34: TRUE | AA34: FALSE | AB34: climbing down | AC34: 06B-PM-371759-02
A35: -73.951329 | B35: 40.769156 | C35: 14D | D35: AM | E35: 43387 | F35: 14 | G35: ? | H35: Gray | I35: Black, Cinnamon, White | J35: Cinnamon+ | K35: White back left leg | L35: Above Ground | M35: 2 | N35: Ground & Tree Base | O35: TRUE | P35: TRUE | Q35: TRUE | R35: FALSE | S35: TRUE | T35: TRUE | U35: FALSE | V35: FALSE | W35: TRUE | X35: FALSE | Y35: TRUE | Z35: TRUE | AA35: TRUE | AB35: playing w/ #7 | AC35: 14D-AM-450733-26
A36: -73.950802 | B36: 40.76762 | C36: 06E | D36: AM | E36: 43386 | F36: 13 | G36: ? | H36: Black | I36: Gray, Black | J36: Black+ | K36: Gray, Cinnamon & White selected as Primary. White selected as Highlights. Made executive adjustments. | L36: Above Ground | M36: 3 | N36: climbing in bush | O36: TRUE | P36: TRUE | Q36: TRUE | R36: TRUE | S36: FALSE | T36: TRUE | U36: TRUE | V36: TRUE | W36: TRUE | X36: TRUE | Y36: TRUE | Z36: FALSE | AA36: FALSE | AB36: ran across a path | AC36: 06E-AM-551027-10
A37: -73.955745 | B37: 40.789426 | C37: 02E | D37: AM | E37: 43380 | F37: 6 | G37: Juvenile | H37: Black | I37: Cinnamon | J37: Cinnamon+Gray | K37: No Primary Fur Color selected. Made executive adjustment based on other squirrels. | L37: Above Ground | M37: 15 | N37: in tree! | O37: TRUE | P37: FALSE | Q37: TRUE | R37: TRUE | S37: TRUE | T37: TRUE | U37: TRUE | V37: TRUE | W37: TRUE | X37: FALSE | Y37: FALSE | Z37: FALSE | AA37: FALSE | AB37: got fed twice by grandpa,grabbed from grass and ate in tree | AC37: 02E-AM-409042-24
A38: -73.971582 | B38: 40.776877 | C38: 41G | D38: PM | E38: 43381 | F38: 3 | G38: ? | H38: Cinnamon | I38: Black, White | J38: Cinnamon+Gray | K38: Nothing selected as Primary. Gray selected as Highlights. Made executive adjustments. | L38: Above Ground | M38: 4 | N38: Shore | O38: FALSE | P38: TRUE | Q38: FALSE | R38: FALSE | S38: TRUE | T38: FALSE | U38: TRUE | V38: FALSE | W38: TRUE | X38: TRUE | Y38: FALSE | Z38: FALSE | AA38: FALSE | AB38: for food | AC38: 41G-PM-995850-18
A39: -73.978088 | B39: 40.790428 | C39: 12I | D39: AM | E39: 43380 | F39: 14 | G39: ? | H39: Black | I39: Gray, Black | J39: Gray+Black, Cinnamon, White | K39: didn't get a good look | L39: Above Ground | M39: 40 | N39: Different tree | O39: TRUE | P39: TRUE | Q39: FALSE | R39: TRUE | S39: TRUE | T39: TRUE | U39: TRUE | V39: FALSE | W39: FALSE | X39: FALSE | Y39: TRUE | Z39: TRUE | AA39: TRUE | AB39: scanning (drawing included) | AC39: 12I-AM-176031-11
A40: -73.959648 | B40: 40.767212 | C40: 37D | D40: AM | E40: 43386 | F40: 14 | G40: Adult | H40: Cinnamon | I40: Gray | J40: Gray+Black, White | K40: White belly & stripes on tail, Cinnamon face & stripes on back | L40: Ground Plane | M40: FALSE | N40: Tree cavity [of] London Plane tree | O40: TRUE | P40: TRUE | Q40: TRUE | R40: TRUE | S40: TRUE | T40: TRUE | U40: TRUE | V40: TRUE | W40: TRUE | X40: FALSE | Y40: FALSE | Z40: FALSE | AA40: FALSE | AB40: different sound - happy,playful chirps | AC40: 37D-AM-485096-19
A41: -73.967322 | B41: 40.776011 | C41: 42E | D41: PM | E41: 43384 | F41: 15 | G41: ? | H41: Cinnamon | I41: Black, White | J41: Gray+ | K41: White belly | L41: Above Ground | M41: 40 | N41: 5, 6, 7 all at same tree trunk base | O41: TRUE | P41: TRUE | Q41: TRUE | R41: FALSE | S41: FALSE | T41: FALSE | U41: FALSE | V41: FALSE | W41: TRUE | X41: TRUE | Y41: FALSE | Z41: FALSE | AA41: FALSE | AB41: digging one hole w/ determination | AC41: 42E-PM-795635-29
A42: -73.977322 | B42: 40.783905 | C42: 03G | D42: AM | E42: 43384 | F42: 8 | G42: ? | H42: Cinnamon | I42: Cinnamon, White | J42: Cinnamon+White | K42: Cinnamon on shoulders | L42: Above Ground | M42: 10 | N42: base of tree with ~ 30 small birds all eating | O42: FALSE | P42: FALSE | Q42: TRUE | R42: TRUE | S42: TRUE | T42: FALSE | U42: FALSE | V42: TRUE | W42: FALSE | X42: FALSE | Y42: TRUE | Z42: TRUE | AA42: FALSE | AB42: walking w/ something in mouth | AC42: 03G-AM-534781-26
A43: -73.965592 | B43: 40.79275 | C43: 19B | D43: AM | E43: 43390 | F43: 29 | G43: ? | H43: Black | I43: Black, White | J43: Gray+White | K43: Gray, Cinnamon & White selected as Primary. Gray & White selected as Highlights. Made executive adjustments. | L43: Ground Plane | M43: FALSE | N43: under bench | O43: TRUE | P43: FALSE | Q43: FALSE | R43: FALSE | S43: TRUE | T43: TRUE | U43: FALSE | V43: FALSE | W43: FALSE | X43: TRUE | Y43: TRUE | Z43: TRUE | AA43: FALSE | AB43: eating (a mushroom),circles around us,really fat,scratching himself,grooming activity | AC43: 19B-AM-209822-03
A44: -73.980078 | B44: 40.776133 | C44: 10H | D44: AM | E44: 43393 | F44: 15 | G44: ? | H44: Cinnamon | I44: Cinnamon | J44: Black+Gray | K44: Too far & cloudy to tell | L44: Ground Plane | M44: FALSE | N44: branch | O44: TRUE | P44: TRUE | Q44: TRUE | R44: TRUE | S44: FALSE | T44: FALSE | U44: FALSE | V44: TRUE | W44: FALSE | X44: TRUE | Y44: TRUE | Z44: FALSE | AA44: TRUE | AB44: foraging?,crossing road | AC44: 10H-AM-700898-24
A45: -73.952572 | B45: 40.786947 | C45: 34A | D45: AM | E45: 43387 | F45: 22 | G45: Juvenile | H45: Cinnamon | I45: Gray | J45: Cinnamon+Gray, White | K45: white haunches | L45: Above Ground | M45: 7 | N45: Bridle Path lawn | O45: FALSE | P45: FALSE | Q45: TRUE | R45: FALSE | S45: TRUE | T45: TRUE | U45: TRUE | V45: TRUE | W45: TRUE | X45: TRUE | Y45: TRUE | Z45: TRUE | AA45: FALSE | AB45: being chased by #2 | AC45: 34A-AM-520647-29
A46: -73.973023 | B46: 40.796104 | C46: 09A | D46: PM | E46: 43386 | F46: 29 | G46: Adult | H46: Gray | I46: Black, Cinnamon, White | J46: Cinnamon+Gray, White | K46: gray on haunches white on tail | L46: Above Ground | M46: 25 | N46: on trunk | O46: TRUE | P46: TRUE | Q46: TRUE | R46: TRUE | S46: TRUE | T46: TRUE | U46: FALSE | V46: TRUE | W46: TRUE | X46: TRUE | Y46: TRUE | Z46: FALSE | AA46: TRUE | AB46: sitting still on limb | AC46: 09A-PM-746812-06
A47: -73.960331 | B47: 40.786594 | C47: 16F | D47: AM | E47: 43382 | F47: 27 | G47: ? | H47: Cinnamon | I47: Black, Cinnamon | J47: Cinnamon+Gray, Black | K47: White ring on short tail | L47: Ground Plane | M47: FALSE | N47: Started in field, crossed busy street, ran up tree | O47: FALSE | P47: TRUE | Q47: TRUE | R47: TRUE | S47: FALSE | T47: FALSE | U47: FALSE | V47: TRUE | W47: FALSE | X47: TRUE | Y47: FALSE | Z47: FALSE | AA47: FALSE | AB47: relaxing | AC47: 16F-AM-782931-01
A48: -73.971359 | B48: 40.773113 | C48: 09G | D48: AM | E48: 43393 | F48: 13 | G48: ? | H48: Cinnamon | I48: White | J48: Gray+Black | K48: tbd | L48: Above Ground | M48: 15 | N48: hiding in bushes | O48: FALSE | P48: TRUE | Q48: TRUE | R48: FALSE | S48: FALSE | T48: FALSE | U48: TRUE | V48: TRUE | W48: FALSE | X48: TRUE | Y48: FALSE | Z48: FALSE | AA48: FALSE | AB48: leaping branch to branch | AC48: 09G-AM-559187-24
A49: -73.964809 | B49: 40.76577 | C49: 14I | D49: PM | E49: 43390 | F49: 17 | G49: Juvenile | H49: Gray | I49: Cinnamon | J49: Black+Gray, White | K49: didn't get a good look | L49: Above Ground | M49: 20 | N49: on fallen tree | O49: TRUE | P49: FALSE | Q49: FALSE | R49: TRUE | S49: TRUE | T49: TRUE | U49: TRUE | V49: FALSE | W49: FALSE | X49: TRUE | Y49: TRUE | Z49: TRUE | AA49: TRUE | AB49: ran across a path | AC49: 14I-PM-948229-02
A50: -73.963972 | B50: 40.795545 | C50: 39E | D50: AM | E50: 43382 | F50: 21 | G50: ? | H50: Gray | I50: Gray, Black | J50: Cinnamon+Gray, White | K50: No real highlight, White tail? | L50: Ground Plane | M50: FALSE | N50: in middle of path | O50: FALSE | P50: FALSE | Q50: FALSE | R50: FALSE | S50: TRUE | T50: FALSE | U50: TRUE | V50: FALSE | W50: TRUE | X50: TRUE | Y50: TRUE | Z50: FALSE | AA50: TRUE | AB50: not moving | AC50: 39E-AM-815003-07
A51: -73.975347 | B51: 40.76566 | C51: 15I | D51: PM | E51: 43387 | F51: 24 | G51: Juvenile | H51: Black | I51: Gray | J51: Black+Cinnamon, White | K51: Beautiful white puff at the end of its tail | L51: Above Ground | M51: 30 | N51: fence | O51: TRUE | P51: FALSE | Q51: FALSE | R51: FALSE | S51: FALSE | T51: TRUE | U51: TRUE | V51: FALSE | W51: FALSE | X51: TRUE | Y51: FALSE | Z51: FALSE | AA51: FALSE | AB51: chilling | AC51: 15I-PM-587242-11
A52: -73.950678 | B52: 40.795707 | C52: 20G | D52: PM | E52: 43379 | F52: 3 | G52: Adult | H52: Cinnamon | I52: Cinnamon, White | J52: Gray+Cinnamon | K52: White ring on short tail | L52: Ground Plane | M52: FALSE | N52: underneath a tree | O52: TRUE | P52: FALSE | Q52: TRUE | R52: FALSE | S52: TRUE | T52: FALSE | U52: FALSE | V52: FALSE | W52: TRUE | X52: FALSE | Y52: FALSE | Z52: TRUE | AA52: FALSE | AB52: not sure; walking-stop-walking-stop | AC52: 20G-PM-862659-20
A53: -73.956791 | B53: 40.783533 | C53: 42G | D53: PM | E53: 43391 | F53: 28 | G53: Adult | H53: Black | I53: Gray, White | J53: Gray+Black, Cinnamon | K53: young adult | L53: Above Ground | M53: 40 | N53: climbing trees | O53: FALSE | P53: FALSE | Q53: FALSE | R53: TRUE | S53: TRUE | T53: FALSE | U53: TRUE | V53: FALSE | W53: TRUE | X53: FALSE | Y53: FALSE | Z53: FALSE | AA53: FALSE | AB53: hiding from bird | AC53: 42G-PM-561118-16
A54: -73.951624 | B54: 40.797973 | C54: 09B | D54: AM | E54: 43380 | F54: 6 | G54: ? | H54: Black | I54: Gray | J54: Black+Gray, White | K54: Gray & Cinnamon selected as Primary. Cinnamon selected as Highlights. Made executive adjustments. | L54: Ground Plane | M54: FALSE | N54: chasing from tree to ground | O54: FALSE | P54: FALSE | Q54: TRUE | R54: TRUE | S54: TRUE | T54: FALSE | U54: TRUE | V54: FALSE | W54: TRUE | X54: TRUE | Y54: TRUE | Z54: FALSE | AA54: TRUE | AB54: standing still | AC54: 09B-AM-701278-05
A55: -73.953028 | B55: 40.793034 | C55: 16G | D55: PM | E55: 43380 | F55: 5 | G55: ? | H55: Gray | I55: Gray, Black | J55: Black+Cinnamon, White | K55: Cinnamon head, White belly | L55: Ground Plane | M55: FALSE | N55: bottom of great hill | O55: TRUE | P55: TRUE | Q55: FALSE | R55: TRUE | S55: FALSE | T55: FALSE | U55: TRUE | V55: FALSE | W55: TRUE | X55: FALSE | Y55: TRUE | Z55: FALSE | AA55: FALSE | AB55: hiding food | AC55: 16G-PM-431095-07
A56: -73.962363 | B56: 40.800046 | C56: 16G | D56: PM | E56: 43391 | F56: 22 | G56: ? | H56: Black | I56: White | J56: Black+Cinnamon, White | K56: Partial missing tail | L56: Ground Plane | M56: FALSE | N56: Bridle Path lawn | O56: TRUE | P56: FALSE | Q56: FALSE | R56: FALSE | S56: TRUE | T56: FALSE | U56: TRUE | V56: FALSE | W56: FALSE | X56: FALSE | Y56: FALSE | Z56: TRUE | AA56: TRUE | AB56: hopping around | AC56: 16G-PM-306840-16
A57: -73.952178 | B57: 40.777258 | C57: 17C | D57: PM | E57: 43391 | F57: 26 | G57: Juvenile | H57: Cinnamon | I57: White | J57: Gray+Black, White | K57: Off-white, decorator's white? | L57: Above Ground | M57: 6 | N57: literally fell to ground from 50 feet up | O57: FALSE | P57: TRUE | Q57: TRUE | R57: FALSE | S57: FALSE | T57: TRUE | U57: TRUE | V57: FALSE | W57: FALSE | X57: TRUE | Y57: TRUE | Z57: FALSE | AA57: FALSE | AB57: chasing (#6) | AC57: 17C-PM-137459-22
A58: -73.978377 | B58: 40.791922 | C58: 19D | D58: AM | E58: 43384 | F58: 17 | G58: ? | H58: Gray | I58: Black | J58: Cinnamon+Gray | K58: very long tail | L58: Ground Plane | M58: FALSE | N58: Crossing path | O58: TRUE | P58: TRUE | Q58: TRUE | R58: FALSE | S58: FALSE | T58: TRUE | U58: TRUE | V58: TRUE | W58: FALSE | X58: TRUE | Y58: FALSE | Z58: TRUE | AA58: TRUE | AB58: curious about me | AC58: 19D-AM-320821-09
A59: -73.974998 | B59: 40.779062 | C59: 30B | D59: AM | E59: 43393 | F59: 23 | G59: ? | H59: Cinnamon | I59: Black, Cinnamon | J59: Cinnamon+Black | K59: beauty! | L59: Above Ground | M59: 30 | N59: Undergrowth | O59: TRUE | P59: FALSE | Q59: TRUE | R59: TRUE | S59: FALSE | T59: TRUE | U59: FALSE | V59: TRUE | W59: TRUE | X59: FALSE | Y59: TRUE | Z59: TRUE | AA59: TRUE | AB59: playing (with #9) | AC59: 30B-AM-184985-29
A60: -73.979737 | B60: 40.781806 | C60: 15I | D60: AM | E60: 43382 | F60: 25 | G60: Adult | H60: Cinnamon | I60: Gray, Black | J60: Cinnamon+Gray, White | K60: Very far, so appx | L60: Ground Plane | M60: FALSE | N60: Tree | O60: TRUE | P60: TRUE | Q60: FALSE | R60: FALSE | S60: FALSE | T60: FALSE | U60: FALSE | V60: FALSE | W60: FALSE | X60: TRUE | Y60: TRUE | Z60: FALSE | AA60: TRUE | AB60: not moving | AC60: 15I-AM-817844-05
A61: -73.970931 | B61: 40.787004 | C61: 15A | D61: AM | E61: 43391 | F61: 2 | G61: ? | H61: Gray | I61: White | J61: Cinnamon+Black | K61: Cinnamon belly | L61: Ground Plane | M61: FALSE | N61: in the European Beech | O61: FALSE | P61: TRUE | Q61: TRUE | R61: TRUE | S61: TRUE | T61: TRUE | U61: FALSE | V61: TRUE | W61: TRUE | X61: TRUE | Y61: FALSE | Z61: FALSE | AA61: FALSE | AB61: chasing (#2) | AC61: 15A-AM-884629-27
A62: -73.96894 | B62: 40.795671 | C62: 14E | D62: AM | E62: 43389 | F62: 26 | G62: Adult | H62: Cinnamon | I62: Black | J62: Gray+Black, Cinnamon | K62: white haunches | L62: Ground Plane | M62: FALSE | N62: walking along path | O62: TRUE | P62: TRUE | Q62: FALSE | R62: TRUE | S62: FALSE | T62: TRUE | U62: TRUE | V62: FALSE | W62: TRUE | X62: TRUE | Y62: FALSE | Z62: TRUE | AA62: FALSE | AB62: dead (something ran over it) | AC62: 14E-AM-299269-03
A63: -73.972628 | B63: 40.799558 | C63: 41A | D63: AM | E63: 43388 | F63: 15 | G63: ? | H63: Gray | I63: Black | J63: Cinnamon+Black, White | K63: Sighting was far away | L63: Above Ground | M63: 2 | N63: THICK UNDERGROWTH | O63: TRUE | P63: FALSE | Q63: FALSE | R63: TRUE | S63: TRUE | T63: FALSE | U63: TRUE | V63: TRUE | W63: TRUE | X63: FALSE | Y63: TRUE | Z63: FALSE | AA63: TRUE | AB63: chasing #15 | AC63: 41A-AM-188295-28
A64: -73.955106 | B64: 40.79196 | C64: 30E | D64: AM | E64: 43391 | F64: 5 | G64: Adult | H64: Cinnamon | I64: Black | J64: Cinnamon+Black | K64: Gray, Cinnamon & White selected as Primary. White selected as Highlights. Made executive adjustments. | L64: Above Ground | M64: 25 | N64: unsure, just heard kuks | O64: TRUE | P64: FALSE | Q64: FALSE | R64: TRUE | S64: FALSE | T64: FALSE | U64: FALSE | V64: TRUE | W64: FALSE | X64: TRUE | Y64: FALSE | Z64: FALSE | AA64: TRUE | AB64: lounging on tree upside down | AC64: 30E-AM-410085-16
A65: -73.969943 | B65: 40.779619 | C65: 41A | D65: PM | E65: 43381 | F65: 26 | G65: ? | H65: Gray | I65: Gray | J65: Black+ | K65: Only peeked head out | L65: Ground Plane | M65: FALSE | N65: crossing pavement in front of arsenal | O65: FALSE | P65: TRUE | Q65: TRUE | R65: TRUE | S65: FALSE | T65: FALSE | U65: FALSE | V65: TRUE | W65: TRUE | X65: FALSE | Y65: TRUE | Z65: TRUE | AA65: TRUE | AB65: with some nuts in the mouth | AC65: 41A-PM-925307-16
A66: -73.972327 | B66: 40.779746 | C66: 22A | D66: PM | E66: 43381 | F66: 20 | G66: Adult | H66: Black | I66: Black | J66: Gray+Cinnamon, White | K66: Fat! | L66: Above Ground | M66: 20 | N66: bushes | O66: FALSE | P66: FALSE | Q66: TRUE | R66: TRUE | S66: TRUE | T66: TRUE | U66: FALSE | V66: FALSE | W66: TRUE | X66: TRUE | Y66: FALSE | Z66: FALSE | AA66: FALSE | AB66: chased #12 | AC66: 22A-PM-768058-21
A67: -73.964098 | B67: 40.790879 | C67: 27B | D67: PM | E67: 43381 | F67: 6 | G67: Juvenile | H67: Cinnamon | I67: Cinnamon | J67: Black+Gray | K67: too far to note 30' | L67: Above Ground | M67: 25 | N67: in tall shrubs near wall next to CPW | O67: FALSE | P67: TRUE | Q67: TRUE | R67: TRUE | S67: FALSE | T67: TRUE | U67: FALSE | V67: FALSE | W67: FALSE | X67: TRUE | Y67: FALSE | Z67: FALSE | AA67: FALSE | AB67: playing tag together | AC67: 27B-PM-423970-17
A68: -73.976728 | B68: 40.773317 | C68: 13E | D68: PM | E68: 43384 | F68: 6 | G68: Adult | H68: Gray | I68: Gray, Black | J68: Black+Gray | K68: Cinnamon flanks, light band across nose | L68: Above Ground | M68: 12 | N68: climbed tree | O68: TRUE | P68: FALSE | Q68: FALSE | R68: TRUE | S68: FALSE | T68: FALSE | U68: TRUE | V68: FALSE | W68: FALSE | X68: FALSE | Y68: TRUE | Z68: TRUE | AA68: FALSE | AB68: climbing (up rocks) | AC68: 13E-PM-224628-06
A69: -73.95594 | B69: 40.7688 | C69: 21B | D69: AM | E69: 43392 | F69: 27 | G69: Adult | H69: Cinnamon | I69: Cinnamon | J69: Gray+Black | K69: Light Cinnamon | L69: Ground Plane | M69: FALSE | N69: Tree cavity [of] London Plane tree | O69: FALSE | P69: TRUE | Q69: FALSE | R69: FALSE | S69: TRUE | T69: TRUE | U69: FALSE | V69: FALSE | W69: FALSE | X69: TRUE | Y69: TRUE | Z69: FALSE | AA69: TRUE | AB69: looking in bush | AC69: 21B-AM-703133-06
A70: -73.978815 | B70: 40.777396 | C70: 32F | D70: PM | E70: 43386 | F70: 18 | G70: Adult | H70: Cinnamon | I70: Gray, White | J70: Black+White | K70: Gray tail, Cinnamon feet | L70: Above Ground | M70: 4 | N70: Flowers, grass | O70: TRUE | P70: TRUE | Q70: TRUE | R70: TRUE | S70: FALSE | T70: TRUE | U70: TRUE | V70: TRUE | W70: TRUE | X70: FALSE | Y70: TRUE | Z70: TRUE | AA70: FALSE | AB70: wandering,interacting with tourists | AC70: 32F-PM-770493-22
A71: -73.950134 | B71: 40.775024 | C71: 04D | D71: PM | E71: 43389 | F71: 18 | G71: ? | H71: Cinnamon | I71: White | J71: Cinnamon+ | K71: tuft on butt | L71: Ground Plane | M71: FALSE | N71: Undergrowth | O71: FALSE | P71: FALSE | Q71: FALSE | R71: TRUE | S71: FALSE | T71: FALSE | U71: TRUE | V71: FALSE | W71: TRUE | X71: FALSE | Y71: FALSE | Z71: TRUE | AA71: FALSE | AB71: playing w/ #7 | AC71: 04D-PM-304818-20
A72: -73.956882 | B72: 40.775343 | C72: 29H | D72: PM | E72: 43385 | F72: 4 | G72: ? | H72: Gray | I72: Black, Cinnamon | J72: Gray+Cinnamon, White | K72: No Tail! | L72: Ground Plane | M72: FALSE | N72: Tree | O72: TRUE | P72: FALSE | Q72: FALSE | R72: FALSE | S72: FALSE | T72: TRUE | U72: TRUE | V72: TRUE | W72: FALSE | X72: TRUE | Y72: FALSE | Z72: FALSE | AA72: FALSE | AB72: leaping branch to branch | AC72: 29H-PM-497294-19
A73: -73.974912 | B73: 40.773135 | C73: 19C | D73: PM | E73: 43392 | F73: 17 | G73: ? | H73: Black | I73: Black | J73: Black+Cinnamon | K73: Black on body, White Belly, White tail | L73: Ground Plane | M73: FALSE | N73: on rocks/bushy rocks | O73: FALSE | P73: FALSE | Q73: FALSE | R73: FALSE | S73: TRUE | T73: FALSE | U73: FALSE | V73: FALSE | W73: TRUE | X73: TRUE | Y73: TRUE | Z73: TRUE | AA73: TRUE | AB73: running (from a dog) | AC73: 19C-PM-635425-08
A74: -73.980985 | B74: 40.766393 | C74: 27B | D74: AM | E74: 43382 | F74: 25 | G74: Juvenile | H74: Black | I74: Cinnamon, White | J74: + | K74: beauty! | L74: Above Ground | M74: 4 | N74: Across Arbor path into hill w/ bushes | O74: TRUE | P74: FALSE | Q74: TRUE | R74: FALSE | S74: FALSE | T74: TRUE | U74: FALSE | V74: TRUE | W74: TRUE | X74: FALSE | Y74: FALSE | Z74: FALSE | AA74: FALSE | AB74: running from squirrel #5 | AC74: 27B-AM-391494-27
A75: -73.955523 | B75: 40.76554 | C75: 41A | D75: AM | E75: 43389 | F75: 14 | G75: Juvenile | H75: Black | I75: Cinnamon, White | J75: Black+Gray | K75: Blonde? in Highlights | L75: Ground Plane | M75: FALSE | N75: Behind fence, tree | O75: TRUE | P75: FALSE | Q75: FALSE | R75: FALSE | S75: TRUE | T75: FALSE | U75: FALSE | V75: TRUE | W75: FALSE | X75: FALSE | Y75: TRUE | Z75: FALSE | AA75: FALSE | AB75: wresting w/ branch | AC75: 41A-AM-230119-13
A76: -73.958937 | B76: 40.799686 | C76: 08A | D76: AM | E76: 43390 | F76: 14 | G76: Adult | H76: Gray | I76: White | J76: Cinnamon+White | K76: dark gray | L76: Above Ground | M76: 3 | N76: In small tree by water | O76: FALSE | P76: TRUE | Q76: FALSE | R76: TRUE | S76: TRUE | T76: TRUE | U76: TRUE | V76: TRUE | W76: FALSE | X76: TRUE | Y76: TRUE | Z76: TRUE | AA76: FALSE | AB76: planting nut | AC76: 08A-AM-110165-27
A77: -73.958241 | B77: 40.779972 | C77: 31D | D77: PM | E77: 43382 | F77: 13 | G77: Juvenile | H77: Black | I77: Gray, White | J77: Black+Gray, White | K77: Cinnamon head | L77: Above Ground | M77: 5 | N77: in bush | O77: TRUE | P77: TRUE | Q77: TRUE | R77: FALSE | S77: TRUE | T77: TRUE | U77: TRUE | V77: TRUE | W77: FALSE | X77: TRUE | Y77: TRUE | Z77: TRUE | AA77: FALSE | AB77: eating (mushroom) | AC77: 31D-PM-506862-12
A78: -73.956912 | B78: 40.778442 | C78: 31F | D78: AM | E78: 43389 | F78: 7 | G78: Adult | H78: Gray | I78: Cinnamon, White | J78: Gray+White | K78: Listed as primary white with cinnamon highlights, I changed to Gray/cinnamon - JO | L78: Ground Plane | M78: FALSE | N78: Ran up tree | O78: FALSE | P78: TRUE | Q78: TRUE | R78: FALSE | S78: FALSE | T78: FALSE | U78: FALSE | V78: FALSE | W78: FALSE | X78: TRUE | Y78: TRUE | Z78: TRUE | AA78: FALSE | AB78: climbed tree (oak) | AC78: 31F-AM-723181-07
A79: -73.978831 | B79: 40.78884 | C79: 15I | D79: PM | E79: 43388 | F79: 12 | G79: Adult | H79: Cinnamon | I79: Cinnamon | J79: Cinnamon+Black, White | K79: vid! | L79: Ground Plane | M79: FALSE | N79: Running from one tree to the other | O79: FALSE | P79: FALSE | Q79: TRUE | R79: FALSE | S79: FALSE | T79: FALSE | U79: TRUE | V79: FALSE | W79: FALSE | X79: TRUE | Y79: TRUE | Z79: TRUE | AA79: TRUE | AB79: sitting still | AC79: 15I-PM-392880-26
A80: -73.96989 | B80: 40.772595 | C80: 07F | D80: AM | E80: 43393 | F80: 23 | G80: Adult | H80: Cinnamon | I80: Black, White | J80: Gray+Cinnamon, White | K80: Cinnamon stripe on back | L80: Ground Plane | M80: FALSE | N80: elevated ground | O80: TRUE | P80: FALSE | Q80: TRUE | R80: FALSE | S80: FALSE | T80: FALSE | U80: FALSE | V80: TRUE | W80: FALSE | X80: TRUE | Y80: FALSE | Z80: TRUE | AA80: TRUE | AB80: running (from birds) | AC80: 07F-AM-944516-20
A81: -73.977516 | B81: 40.798357 | C81: 17I | D81: AM | E81: 43389 | F81: 15 | G81: Juvenile | H81: Black | I81: Gray | J81: Cinnamon+ | K81: Gray tail & butt | L81: Above Ground | M81: 25 | N81: playground | O81: TRUE | P81: TRUE | Q81: TRUE | R81: TRUE | S81: FALSE | T81: FALSE | U81: TRUE | V81: FALSE | W81: FALSE | X81: FALSE | Y81: FALSE | Z81: TRUE | AA81: TRUE | AB81: stood on back legs | AC81: 17I-AM-186665-19
A82: -73.954025 | B82: 40.792596 | C82: 33C | D82: AM | E82: 43389 | F82: 19 | G82: ? | H82: Gray | I82: Black, Cinnamon, White | J82: Black+Gray | K82: notch on tail | L82: Above Ground | M82: 3 | N82: just to right when enter sanctuary | O82: FALSE | P82: TRUE | Q82: TRUE | R82: FALSE | S82: TRUE | T82: TRUE | U82: TRUE | V82: FALSE | W82: FALSE | X82: FALSE | Y82: TRUE | Z82: FALSE | AA82: TRUE | AB82: jumping on fence | AC82: 33C-AM-762737-25
A83: -73.961564 | B83: 40.768059 | C83: 05I | D83: AM | E83: 43392 | F83: 11 | G83: Juvenile | H83: Cinnamon | I83: Cinnamon, White | J83: Gray+Cinnamon, White | K83: "Brown" written in as Primary | L83: Ground Plane | M83: FALSE | N83: edge of landscape | O83: FALSE | P83: TRUE | Q83: FALSE | R83: FALSE | S83: TRUE | T83: FALSE | U83: TRUE | V83: TRUE | W83: TRUE | X83: FALSE | Y83: FALSE | Z83: FALSE | AA83: FALSE | AB83: pulling leaves | AC83: 05I-AM-567799-10
A84: -73.970756 | B84: 40.779613 | C84: 02F | D84: AM | E84: 43389 | F84: 15 | G84: Adult | H84: Gray | I84: Black, Cinnamon | J84: + | K84: patches of white on haunches | L84: Ground Plane | M84: FALSE | N84: edge of park @ 98th | O84: FALSE | P84: TRUE | Q84: FALSE | R84: FALSE | S84: FALSE | T84: FALSE | U84: TRUE | V84: FALSE | W84: TRUE | X84: FALSE | Y84: TRUE | Z84: TRUE | AA84: FALSE | AB84: chasing #3 | AC84: 02F-AM-490014-02
A85: -73.979161 | B85: 40.795863 | C85: 39F | D85: PM | E85: 43380 | F85: 12 | G85: Adult | H85: Gray | I85: Black | J85: Gray+Cinnamon, White | K85: Tiny! So tiny! | L85: Above Ground | M85: 30 | N85: bushes | O85: TRUE | P85: FALSE | Q85: FALSE | R85: FALSE | S85: FALSE | T85: FALSE | U85: TRUE | V85: FALSE | W85: TRUE | X85: TRUE | Y85: FALSE | Z85: FALSE | AA85: TRUE | AB85: jumping on fence | AC85: 39F-PM-118277-03
A86: -73.971382 | B86: 40.798173 | C86: 36D | D86: AM | E86: 43392 | F86: 3 | G86: Juvenile | H86: Cinnamon | I86: Black, Cinnamon | J86: Black+ | K86: didn't get a good look | L86: Above Ground | M86: 12 | N86: on a fallen branch | O86: FALSE | P86: TRUE | Q86: FALSE | R86: TRUE | S86: TRUE | T86: FALSE | U86: TRUE | V86: FALSE | W86: TRUE | X86: FALSE | Y86: FALSE | Z86: TRUE | AA86: TRUE | AB86: walking,exploring - digging in flower bed | AC86: 36D-AM-970194-05
A87: -73.970936 | B87: 40.781367 | C87: 29A | D87: PM | E87: 43379 | F87: 17 | G87: Adult | H87: Gray | I87: Gray, Black | J87: Gray+Black, Cinnamon, White | K87: Black on body, White Belly, White tail | L87: Ground Plane | M87: FALSE | N87: climbed tree | O87: TRUE | P87: FALSE | Q87: TRUE | R87: FALSE | S87: FALSE | T87: FALSE | U87: TRUE | V87: TRUE | W87: TRUE | X87: TRUE | Y87: TRUE | Z87: TRUE | AA87: TRUE | AB87: hiding | AC87: 29A-PM-444390-07
A88: -73.958222 | B88: 40.786508 | C88: 06I | D88: PM | E88: 43387 | F88: 3 | G88: Adult | H88: Cinnamon | I88: Gray | J88: Gray+Black | K88: White selected as Primary. Cinnamon selected as Highlights. Made executive adjustments. | L88: Above Ground | M88: 25 | N88: Tree & ground | O88: TRUE | P88: TRUE | Q88: FALSE | R88: FALSE | S88: FALSE | T88: TRUE | U88: FALSE | V88: FALSE | W88: TRUE | X88: TRUE | Y88: FALSE | Z88: FALSE | AA88: FALSE | AB88: a lot of activity | AC88: 06I-PM-914234-10
A89: -73.961116 | B89: 40.770792 | C89: 18A | D89: PM | E89: 43390 | F89: 19 | G89: Juvenile | H89: Cinnamon | I89: Cinnamon | J89: Gray+Cinnamon | K89: vid! | L89: Above Ground | M89: 15 | N89: Bench | O89: FALSE | P89: FALSE | Q89: TRUE | R89: FALSE | S89: FALSE | T89: FALSE | U89: TRUE | V89: TRUE | W89: TRUE | X89: TRUE | Y89: TRUE | Z89: FALSE | AA89: FALSE | AB89: a lot of activity | AC89: 18A-PM-577536-11
A90: -73.953267 | B90: 40.799808 | C90: 34E | D90: PM | E90: 43393 | F90: 20 | G90: Juvenile | H90: Cinnamon | I90: Gray, White | J90: Cinnamon+White | K90: Partial missing tail | L90: Above Ground | M90: 8 | N90: way up a tree! | O90: FALSE | P90: FALSE | Q90: TRUE | R90: TRUE | S90: FALSE | T90: FALSE | U90: TRUE | V90: TRUE | W90: TRUE | X90: TRUE | Y90: FALSE | Z90: TRUE | AA90: FALSE | AB90: eating (nut) | AC90: 34E-PM-300886-07
A91: -73.966314 | B91: 40.773067 | C91: 16I | D91: PM | E91: 43390 | F91: 4 | G91: Juvenile | H91: Gray | I91: Gray | J91: Cinnamon+White | K91: white haunches/tail | L91: Above Ground | M91: 10 | N91: End of tree limb foraging | O91: TRUE | P91: FALSE | Q91: FALSE | R91: FALSE | S91: FALSE | T91: FALSE | U91: FALSE | V91: TRUE | W91: TRUE | X91: TRUE | Y91: TRUE | Z91: TRUE | AA91: TRUE | AB91: burying nut | AC91: 16I-PM-359717-06
A92: -73.977399 | B92: 40.798102 | C92: 06B | D92: AM | E92: 43380 | F92: 3 | G92: Adult | H92: Cinnamon | I92: Black, Cinnamon, White | J92: Black+White | K92: White belly & stripes on tail, Cinnamon face & stripes on back | L92: Above Ground | M92: 4 | N92: By the main road | O92: TRUE | P92: FALSE | Q92: FALSE | R92: FALSE | S92: FALSE | T92: TRUE | U92: FALSE | V92: FALSE | W92: TRUE | X92: FALSE | Y92: TRUE | Z92: TRUE | AA92: TRUE | AB92: in hollow | AC92: 06B-AM-762860-16
A93: -73.958736 | B93: 40.787783 | C93: 10F | D93: AM | E93: 43391 | F93: 26 | G93: Adult | H93: Gray | I93: Black, White | J93: Black+Cinnamon, White | K93: White selected as Primary. Black selected as Highlights. Made executive adjustments. | L93: Above Ground | M93: 7 | N93: Across Arbor path into hill w/ bushes | O93: TRUE | P93: TRUE | Q93: TRUE | R93: TRUE | S93: TRUE | T93: TRUE | U93: FALSE | V93: FALSE | W93: TRUE | X93: TRUE | Y93: TRUE | Z93: FALSE | AA93: TRUE | AB93: climbing (rock) | AC93: 10F-AM-580588-02
A94: -73.957242 | B94: 40.786308 | C94: 31G | D94: AM | E94: 43386 | F94: 16 | G94: ? | H94: Cinnamon | I94: Cinnamon, White | J94: Cinnamon+ | K94: Darker than others | L94: Ground Plane | M94: FALSE | N94: tree branches | O94: TRUE | P94: TRUE | Q94: TRUE | R94: FALSE | S94: TRUE | T94: TRUE | U94: FALSE | V94: FALSE | W94: FALSE | X94: TRUE | Y94: TRUE | Z94: TRUE | AA94: FALSE | AB94: cleaning face & tail | AC94: 31G-AM-420956-19
A95: -73.963514 | B95: 40.782961 | C95: 22D | D95: AM | E95: 43393 | F95: 12 | G95: ? | H95: Cinnamon | I95: Gray, White | J95: Gray+White | K95: just outside hectare | L95: Above Ground | M95: 15 | N95: playing very high in tree w/ #7 | O95: FALSE | P95: TRUE | Q95: TRUE | R95: TRUE | S95: TRUE | T95: FALSE | U95: TRUE | V95: TRUE | W95: TRUE | X95: TRUE | Y95: TRUE | Z95: TRUE | AA95: FALSE | AB95: posing | AC95: 22D-AM-109201-25
A96: -73.956922 | B96: 40.773032 | C96: 42F | D96: PM | E96: 43387 | F96: 8 | G96: Juvenile | H96: Black | I96: Gray, White | J96: Gray+Cinnamon, White | K96: Listed as primary white with cinnamon highlights, I changed to Gray/cinnamon - JO | L96: Ground Plane | M96: FALSE | N96: literally fell to ground from 50 feet up | O96: TRUE | P96: FALSE | Q96: TRUE | R96: TRUE | S96: TRUE | T96: FALSE | U96: TRUE | V96: FALSE | W96: FALSE | X96: FALSE | Y96: TRUE | Z96: FALSE | AA96: TRUE | AB96: chirps | AC96: 42F-PM-119941-02
A97: -73.965635 | B97: 40.771126 | C97: 33E | D97: AM | E97: 43382 | F97: 24 | G97: ? | H97: Black | I97: Cinnamon, White | J97: Cinnamon+Black | K97: Black tail & edge, Cinnamon mid, While tail edge | L97: Ground Plane | M97: FALSE | N97: in bush | O97: FALSE | P97: TRUE | Q97: FALSE | R97: FALSE | S97: FALSE | T97: TRUE | U97: FALSE | V97: TRUE | W97: TRUE | X97: TRUE | Y97: FALSE | Z97: FALSE | AA97: TRUE | AB97: 2/3 were chasing each other | AC97: 33E-AM-158418-26
A98: -73.964726 | B98: 40.772674 | C98: 36A | D98: AM | E98: 43386 | F98: 29 | G98: Adult | H98: Black | I98: Cinnamon, White | J98: + | K98: Sighting was far away | L98: Above Ground | M98: 7 | N98: oak tree at end of ramp from Chess House | O98: FALSE | P98: TRUE | Q98: TRUE | R98: FALSE | S98: FALSE | T98: TRUE | U98: TRUE | V98: FALSE | W98: FALSE | X98: TRUE | Y98: TRUE | Z98: FALSE | AA98: FALSE | AB98: cleaning | AC98: 36A-AM-403685-20
A99: -73.967718 | B99: 40.771475 | C99: 31G | D99: PM | E99: 43387 | F99: 29 | G99: ? | H99: Gray | I99: Cinnamon, White | J99: Gray+Black | K99: gray on haunches white on tail | L99: Ground Plane | M99: FALSE | N99: Ground then tree to eat | O99: FALSE | P99: TRUE | Q99: FALSE | R99: TRUE | S99: TRUE | T99: FALSE | U99: FALSE | V99: TRUE | W99: TRUE | X99: TRUE | Y99: FALSE | Z99: TRUE | AA99: FALSE | AB99: eating (a peanut) | AC99: 31G-PM-170422-22
A100: -73.980359 | B100: 40.792358 | C100: 20F | D100: PM | E100: 43388 | F100: 17 | G100: Adult | H100: Gray | I100: Cinnamon, White | J100: Gray+ | K100: Listed as primary white with cinnamon highlights, I changed to Gray/cinnamon - JO | L100: Ground Plane | M100: FALSE | N100: behind playground benches | O100: TRUE | P100: FALSE | Q100: TRUE | R100: TRUE | S100: TRUE | T100: FALSE | U100: TRUE | V100: FALSE | W100: FALSE | X100: FALSE | Y100: TRUE | Z100: TRUE | AA100: TRUE | AB100: throwing down acorns | AC100: 20F-PM-255022-06
...

Sheet Empirical_Random_Squirrel_Data
A1: X | B1: Y | C1: Hectare | D1: Shift | E1: Date | F1: Hectare Squirrel Number | G1: Age | H1: Primary Fur Color | I1: Highlight Fur Color | J1: Combination of Primary and Highlight Color | K1: Color notes | L1: Location | M1: Above Ground Sighter Measurement | N1: Specific Location | O1: Running | P1: Chasing | Q1: Climbing | R1: Eating | S1: Foraging | T1: Kuks | U1: Quaas | V1: Moans | W1: Tail flags | X1: Tail twitches | Y1: Approaches | Z1: Indifferent | AA1: Runs from | AB1: Other Activities | AC1: Unique Squirrel ID
A2: -73.969384 | B2: 40.771429 | C2: 41B | D2: AM | E2: 43388 | F2: 2 | G2: Adult | H2: Gray | I2: Cinnamon | J2: Gray+Black, Cinnamon, White | K2: Partial missing tail | L2: Ground Plane | M2: FALSE | N2: walking along path | O2: FALSE | P2: FALSE | Q2: FALSE | R2: FALSE | S2: TRUE | T2: FALSE | U2: FALSE | V2: FALSE | W2: FALSE | X2: FALSE | Y2: FALSE | Z2: TRUE | AA2: FALSE | AB2: standing upright | AC2: 41B-AM-981253-28
A3: -73.951271 | B3: 40.78399 | C3: 38E | D3: AM | E3: 43383 | F3: 25 | G3: Adult | H3: Gray | I3: White | J3: Gray+ | K3: Off-white, decorator's white? | L3: Ground Plane | M3: FALSE | N3: on tree trunk (descending from height of ~10 ft) | O3: FALSE | P3: FALSE | Q3: FALSE | R3: FALSE | S3: FALSE | T3: FALSE | U3: FALSE | V3: FALSE | W3: FALSE | X3: TRUE | Y3: FALSE | Z3: FALSE | AA3: FALSE | AB3: running (from a dog) | AC3: 38E-AM-156733-18
A4: -73.958147 | B4: 40.795645 | C4: 21E | D4: PM | E4: 43383 | F4: 29 | G4: Adult | H4: Gray | I4: Cinnamon | J4: Gray+Cinnamon | K4: Cinnamon head & stripe | L4: Ground Plane | M4: FALSE | N4: Under the tree | O4: FALSE | P4: FALSE | Q4: FALSE | R4: FALSE | S4: TRUE | T4: FALSE | U4: FALSE | V4: FALSE | W4: FALSE | X4: FALSE | Y4: FALSE | Z4: TRUE | AA4: FALSE | AB4: burying | AC4: 21E-PM-764536-24
A5: -73.962339 | B5: 40.790691 | C5: 38E | D5: AM | E5: 43389 | F5: 13 | G5: Adult | H5: Gray | I5: White | J5: Gray+Cinnamon | K5: Partial missing tail | L5: Above Ground | M5: 6 | N5: under bushes | O5: FALSE | P5: FALSE | Q5: TRUE | R5: TRUE | S5: FALSE | T5: FALSE | U5: FALSE | V5: FALSE | W5: FALSE | X5: FALSE | Y5: FALSE | Z5: FALSE | AA5: FALSE | AB5: did not notice dog sitting a few yards away (10-20 ft) | AC5: 38E-AM-190909-20
A6: -73.976254 | B6: 40.793308 | C6: 07G | D6: AM | E6: 43385 | F6: 6 | G6: Juvenile | H6: Gray | I6: Cinnamon | J6: Gray+Cinnamon | K6: Gray & Cinnamon selected as Primary. White selected as Highlights. Made executive adjustments. | L6: Ground Plane | M6: FALSE | N6: Rock | O6: TRUE | P6: FALSE | Q6: FALSE | R6: FALSE | S6: FALSE | T6: FALSE | U6: FALSE | V6: FALSE | W6: FALSE | X6: FALSE | Y6: FALSE | Z6: FALSE | AA6: FALSE | AB6: wresting w/ branch | AC6: 07G-AM-980706-27
A7: -73.976255 | B7: 40.788105 | C7: 12H | D7: AM | E7: 43382 | F7: 21 | G7: Adult | H7: Gray | I7: Cinnamon | J7: Gray+White | K7: white back legs | L7: Above Ground | M7: 3 | N7: on a log | O7: TRUE | P7: FALSE | Q7: FALSE | R7: FALSE | S7: FALSE | T7: FALSE | U7: FALSE | V7: FALSE | W7: FALSE | X7: FALSE | Y7: FALSE | Z7: TRUE | AA7: FALSE | AB7: new movement flailing arms while foraging | AC7: 12H-AM-182439-19
A8: -73.979333 | B8: 40.789284 | C8: 09F | D8: AM | E8: 43391 | F8: 26 | G8: Adult | H8: Cinnamon | I8: Cinnamon | J8: Gray+Cinnamon | K8: Cinnamon on the tail | L8: Above Ground | M8: 3 | N8: on fence | O8: FALSE | P8: FALSE | Q8: FALSE | R8: FALSE | S8: TRUE | T8: FALSE | U8: FALSE | V8: FALSE | W8: FALSE | X8: TRUE | Y8: FALSE | Z8: FALSE | AA8: FALSE | AB8: jumping | AC8: 09F-AM-105041-15
A9: -73.953929 | B9: 40.794809 | C9: 16C | D9: PM | E9: 43382 | F9: 6 | G9: Adult | H9: Gray | I9: White | J9: Gray+Cinnamon | K9: white at end of tail | L9: Above Ground | M9: 12 | N9: near fence | O9: FALSE | P9: FALSE | Q9: FALSE | R9: FALSE | S9: TRUE | T9: FALSE | U9: FALSE | V9: FALSE | W9: FALSE | X9: FALSE | Y9: FALSE | Z9: FALSE | AA9: FALSE | AB9: playing with #5 | AC9: 16C-PM-582006-14
A10: -73.962261 | B10: 40.773701 | C10: 03D | D10: AM | E10: 43387 | F10: 9 | G10: Adult | H10: Gray | I10: White | J10: Gray+Cinnamon, White | K10: Too far & cloudy to tell | L10: Ground Plane | M10: FALSE | N10: Tree | O10: TRUE | P10: FALSE | Q10: FALSE | R10: TRUE | S10: FALSE | T10: FALSE | U10: FALSE | V10: FALSE | W10: FALSE | X10: FALSE | Y10: FALSE | Z10: FALSE | AA10: FALSE | AB10: walking | AC10: 03D-AM-926959-03
A11: -73.958899 | B11: 40.782142 | C11: 08D | D11: PM | E11: 43384 | F11: 16 | G11: Adult | H11: Gray | I11: Cinnamon | J11: Gray+White | K11: White legs, front & back | L11: Ground Plane | M11: FALSE | N11: ON ROCK NEAR POND | O11: TRUE | P11: FALSE | Q11: TRUE | R11: TRUE | S11: TRUE | T11: FALSE | U11: FALSE | V11: FALSE | W11: FALSE | X11: FALSE | Y11: FALSE | Z11: FALSE | AA11: FALSE | AB11: hiding | AC11: 08D-PM-978780-25
A12: -73.980511 | B12: 40.772699 | C12: 01B | D12: PM | E12: 43393 | F12: 11 | G12: Juvenile | H12: Gray | I12: White | J12: Cinnamon+Gray | K12: Cinnamon flanks | L12: Above Ground | M12: 6 | N12: willow oak tree | O12: TRUE | P12: FALSE | Q12: TRUE | R12: FALSE | S12: TRUE | T12: TRUE | U12: FALSE | V12: FALSE | W12: FALSE | X12: FALSE | Y12: FALSE | Z12: TRUE | AA12: FALSE | AB12: chillin' | AC12: 01B-PM-775150-19
A13: -73.950668 | B13: 40.799684 | C13: 13E | D13: PM | E13: 43382 | F13: 7 | G13: Adult | H13: Gray | I13: Cinnamon | J13: Gray+ | K13: Gray patches on back legs | L13: Ground Plane | M13: FALSE | N13: bottom of great hill | O13: TRUE | P13: FALSE | Q13: FALSE | R13: FALSE | S13: FALSE | T13: FALSE | U13: FALSE | V13: FALSE | W13: FALSE | X13: FALSE | Y13: FALSE | Z13: FALSE | AA13: FALSE | AB13: lying on belly on branch,eating big nut | AC13: 13E-PM-398942-08
A14: -73.954989 | B14: 40.798149 | C14: 21E | D14: PM | E14: 43380 | F14: 10 | G14: Adult | H14: Gray | I14: White | J14: Gray+White | K14: COULD HAVE BEEN CHIPPY, DEEP BROWN | L14: Ground Plane | M14: FALSE | N14: Near rock | O14: TRUE | P14: FALSE | Q14: FALSE | R14: FALSE | S14: FALSE | T14: FALSE | U14: FALSE | V14: FALSE | W14: FALSE | X14: FALSE | Y14: FALSE | Z14: FALSE | AA14: FALSE | AB14: burying nut | AC14: 21E-PM-749761-25
A15: -73.974483 | B15: 40.766299 | C15: 08I | D15: PM | E15: 43384 | F15: 10 | G15: Adult | H15: Gray | I15: White | J15: Gray+White | K15: No Primary Fur Color selected. Made executive adjustment based on other squirrels. | L15: Ground Plane | M15: FALSE | N15: Crossing street | O15: FALSE | P15: FALSE | Q15: FALSE | R15: FALSE | S15: TRUE | T15: FALSE | U15: FALSE | V15: FALSE | W15: FALSE | X15: FALSE | Y15: TRUE | Z15: TRUE | AA15: FALSE | AB15: burying nut | AC15: 08I-PM-232208-12
A16: -73.975443 | B16: 40.789752 | C16: 18C | D16: AM | E16: 43380 | F16: 30 | G16: Adult | H16: Gray | I16: White | J16: Gray+Cinnamon | K16: black in tail | L16: Ground Plane | M16: FALSE | N16: near a brush | O16: FALSE | P16: FALSE | Q16: TRUE | R16: TRUE | S16: TRUE | T16: FALSE | U16: FALSE | V16: FALSE | W16: FALSE | X16: FALSE | Y16: FALSE | Z16: FALSE | AA16: FALSE | AB16: crying out | AC16: 18C-AM-846834-11
A17: -73.975393 | B17: 40.797487 | C17: 20B | D17: PM | E17: 43383 | F17: 25 | G17: Adult | H17: Gray | I17: Cinnamon, White | J17: Gray+Cinnamon | K17: Gray & Cinnamon selected as Primary. Cinnamon & White selected as Highlights. Made executive adjustments. | L17: Above Ground | M17: 6 | N17: on tennis club house roof | O17: FALSE | P17: FALSE | Q17: FALSE | R17: FALSE | S17: TRUE | T17: FALSE | U17: FALSE | V17: FALSE | W17: FALSE | X17: TRUE | Y17: TRUE | Z17: TRUE | AA17: FALSE | AB17: ran away & disappeared | AC17: 20B-PM-516637-18
A18: -73.971594 | B18: 40.771268 | C18: 40C | D18: AM | E18: 43384 | F18: 20 | G18: Adult | H18: Gray | I18: Cinnamon | J18: Gray+Cinnamon | K18: Cinnamon on shoulders | L18: Ground Plane | M18: FALSE | N18: building nest | O18: FALSE | P18: FALSE | Q18: FALSE | R18: TRUE | S18: TRUE | T18: FALSE | U18: FALSE | V18: FALSE | W18: FALSE | X18: TRUE | Y18: FALSE | Z18: FALSE | AA18: FALSE | AB18: watching me | AC18: 40C-AM-553132-14
A19: -73.964662 | B19: 40.784907 | C19: 23F | D19: PM | E19: 43382 | F19: 18 | G19: Adult | H19: Black | I19: Cinnamon, White | J19: Gray+ | K19: Cinnamon along back & tail | L19: Ground Plane | M19: FALSE | N19: Behind fence, tree trunk | O19: FALSE | P19: FALSE | Q19: FALSE | R19: FALSE | S19: TRUE | T19: FALSE | U19: FALSE | V19: FALSE | W19: FALSE | X19: FALSE | Y19: FALSE | Z19: TRUE | AA19: FALSE | AB19: laying on tree branch | AC19: 23F-PM-164124-12
A20: -73.96758 | B20: 40.797143 | C20: 14E | D20: PM | E20: 43392 | F20: 28 | G20: Adult | H20: Gray | I20: White | J20: Gray+ | K20: Cinnamon on shoulders | L20: Ground Plane | M20: FALSE | N20: in a tree | O20: FALSE | P20: FALSE | Q20: FALSE | R20: FALSE | S20: TRUE | T20: FALSE | U20: FALSE | V20: FALSE | W20: FALSE | X20: FALSE | Y20: FALSE | Z20: TRUE | AA20: FALSE | AB20: standing | AC20: 14E-PM-773998-23
A21: -73.972003 | B21: 40.766106 | C21: 13A | D21: AM | E21: 43391 | F21: 24 | G21: Adult | H21: Gray | I21: White | J21: Gray+ | K21: unknown - cannot see, only hear | L21: Ground Plane | M21: FALSE | N21: on a checker table | O21: FALSE | P21: FALSE | Q21: FALSE | R21: FALSE | S21: FALSE | T21: FALSE | U21: FALSE | V21: FALSE | W21: FALSE | X21: TRUE | Y21: TRUE | Z21: FALSE | AA21: FALSE | AB21: running from squirrel #5 | AC21: 13A-AM-297556-08
A22: -73.961924 | B22: 40.789465 | C22: 20A | D22: PM | E22: 43381 | F22: 20 | G22: Adult | H22: Gray | I22: White | J22: Gray+White | K22: White belly | L22: Ground Plane | M22: FALSE | N22: tree | O22: FALSE | P22: FALSE | Q22: FALSE | R22: FALSE | S22: FALSE | T22: TRUE | U22: FALSE | V22: FALSE | W22: FALSE | X22: FALSE | Y22: FALSE | Z22: TRUE | AA22: FALSE | AB22: was chased by # 11 | AC22: 20A-PM-124193-08
A23: -73.976773 | B23: 40.77538 | C23: 41E | D23: PM | E23: 43385 | F23: 29 | G23: Adult | H23: Gray | I23: Cinnamon | J23: Gray+White | K23: white back legs | L23: Ground Plane | M23: FALSE | N23: rocks | O23: FALSE | P23: FALSE | Q23: FALSE | R23: TRUE | S23: TRUE | T23: FALSE | U23: FALSE | V23: FALSE | W23: FALSE | X23: FALSE | Y23: FALSE | Z23: TRUE | AA23: TRUE | AB23: jumping on fence | AC23: 41E-PM-371382-28
A24: -73.971974 | B24: 40.797457 | C24: 30E | D24: AM | E24: 43380 | F24: 9 | G24: Adult | H24: Gray | I24: White | J24: + | K24: white on tail | L24: Above Ground | M24: 8 | N24: building nest | O24: FALSE | P24: TRUE | Q24: TRUE | R24: FALSE | S24: TRUE | T24: FALSE | U24: FALSE | V24: FALSE | W24: FALSE | X24: FALSE | Y24: FALSE | Z24: TRUE | AA24: FALSE | AB24: sitting | AC24: 30E-AM-120410-05
A25: -73.969641 | B25: 40.7991 | C25: 13D | D25: PM | E25: 43391 | F25: 15 | G25: Adult | H25: Gray | I25: White | J25: Gray+Cinnamon, White | K25: Gray lower back, Gray & Cinnamon selected as Primary with "lower back" written in next to Gray. White selected as Highlights. Made executive adjustments. | L25: Ground Plane | M25: FALSE | N25: 5, 6, 7 all at same tree trunk base | O25: FALSE | P25: FALSE | Q25: TRUE | R25: FALSE | S25: FALSE | T25: FALSE | U25: FALSE | V25: FALSE | W25: FALSE | X25: FALSE | Y25: FALSE | Z25: FALSE | AA25: TRUE | AB25: being chased by dog | AC25: 13D-PM-966593-10
A26: -73.966821 | B26: 40.798156 | C26: 15I | D26: PM | E26: 43389 | F26: 4 | G26: Adult | H26: Gray | I26: Cinnamon | J26: Gray+ | K26: Gray & Cinnamon selected as Primary. Cinnamon selected as Highlights. Made executive adjustments. | L26: Above Ground | M26: 7 | N26: 5, 6, 7 all at same tree trunk base | O26: FALSE | P26: FALSE | Q26: FALSE | R26: FALSE | S26: TRUE | T26: FALSE | U26: FALSE | V26: FALSE | W26: FALSE | X26: TRUE | Y26: FALSE | Z26: FALSE | AA26: FALSE | AB26: chasing (#6) | AC26: 15I-PM-172858-23
A27: -73.956475 | B27: 40.781607 | C27: 05E | D27: PM | E27: 43392 | F27: 8 | G27: Adult | H27: Gray | I27: Cinnamon | J27: Black+ | K27: Gray & Cinnamon selected as Primary. Gray selected as Highlights. Made executive adjustments. | L27: Ground Plane | M27: FALSE | N27: Clearing near bike path (bikes active) | O27: FALSE | P27: FALSE | Q27: FALSE | R27: FALSE | S27: FALSE | T27: FALSE | U27: FALSE | V27: FALSE | W27: FALSE | X27: FALSE | Y27: FALSE | Z27: TRUE | AA27: FALSE | AB27: nest building | AC27: 05E-PM-340899-04
A28: -73.974881 | B28: 40.795261 | C28: 02D | D28: AM | E28: 43384 | F28: 9 | G28: Adult | H28: Gray | I28: Cinnamon | J28: Cinnamon+White | K28: white neck and belly | L28: Ground Plane | M28: FALSE | N28: by tree | O28: FALSE | P28: FALSE | Q28: FALSE | R28: FALSE | S28: FALSE | T28: FALSE | U28: FALSE | V28: FALSE | W28: FALSE | X28: FALSE | Y28: FALSE | Z28: TRUE | AA28: FALSE | AB28: chasing #4 | AC28: 02D-AM-299879-06
A29: -73.964993 | B29: 40.794645 | C29: 34F | D29: AM | E29: 43391 | F29: 13 | G29: Adult | H29: Gray | I29: Gray | J29: Gray+Cinnamon | K29: white belly | L29: Ground Plane | M29: FALSE | N29: close to tall tree & light post | O29: TRUE | P29: FALSE | Q29: FALSE | R29: FALSE | S29: FALSE | T29: FALSE | U29: FALSE | V29: FALSE | W29: FALSE | X29: FALSE | Y29: TRUE | Z29: TRUE | AA29: FALSE | AB29: begging (came one yard away from me and stood there) | AC29: 34F-AM-156536-27
A30: -73.962535 | B30: 40.776146 | C30: 05E | D30: AM | E30: 43382 | F30: 9 | G30: Adult | H30: Gray | I30: White | J30: Gray+White | K30: gray tail | L30: Ground Plane | M30: FALSE | N30: Bushes | O30: FALSE | P30: FALSE | Q30: FALSE | R30: FALSE | S30: TRUE | T30: FALSE | U30: FALSE | V30: FALSE | W30: FALSE | X30: FALSE | Y30: FALSE | Z30: FALSE | AA30: FALSE | AB30: wresting w/ branch | AC30: 05E-AM-957646-18
A31: -73.979698 | B31: 40.794095 | C31: 22A | D31: AM | E31: 43384 | F31: 26 | G31: Adult | H31: Gray | I31: Cinnamon | J31: Gray+Black | K31: Gray on legs | L31: Above Ground | M31: 3 | N31: under bench | O31: FALSE | P31: FALSE | Q31: TRUE | R31: FALSE | S31: FALSE | T31: FALSE | U31: FALSE | V31: FALSE | W31: FALSE | X31: FALSE | Y31: FALSE | Z31: TRUE | AA31: FALSE | AB31: digging | AC31: 22A-AM-934421-08
A32: -73.962059 | B32: 40.766214 | C32: 08B | D32: PM | E32: 43382 | F32: 4 | G32: Adult | H32: Gray | I32: Cinnamon | J32: Gray+Cinnamon | K32: Black stripe along sides | L32: Above Ground | M32: 20 | N32: Was on top of the edge of Bow Bridge | O32: TRUE | P32: TRUE | Q32: FALSE | R32: TRUE | S32: FALSE | T32: FALSE | U32: FALSE | V32: FALSE | W32: FALSE | X32: TRUE | Y32: FALSE | Z32: TRUE | AA32: FALSE | AB32: climbing (over small wire fence then on the ground) | AC32: 08B-PM-181107-27
A33: -73.975798 | B33: 40.785904 | C33: 14B | D33: PM | E33: 43382 | F33: 17 | G33: Adult | H33: Gray | I33: White | J33: Cinnamon+ | K33: "Warm brown" written in for Primary. | L33: Ground Plane | M33: FALSE | N33: fence | O33: FALSE | P33: FALSE | Q33: TRUE | R33: FALSE | S33: FALSE | T33: FALSE | U33: FALSE | V33: FALSE | W33: FALSE | X33: FALSE | Y33: FALSE | Z33: TRUE | AA33: FALSE | AB33: jumping | AC33: 14B-PM-775078-27
A34: -73.979114 | B34: 40.773009 | C34: 02E | D34: AM | E34: 43393 | F34: 16 | G34: Adult | H34: Gray | I34: Cinnamon, White | J34: Gray+ | K34: too far to note 30' | L34: Ground Plane | M34: FALSE | N34: Open ground | O34: FALSE | P34: FALSE | Q34: FALSE | R34: TRUE | S34: FALSE | T34: FALSE | U34: FALSE | V34: FALSE | W34: FALSE | X34: FALSE | Y34: FALSE | Z34: FALSE | AA34: TRUE | AB34: playing | AC34: 02E-AM-495414-20
A35: -73.951329 | B35: 40.769156 | C35: 14C | D35: PM | E35: 43382 | F35: 15 | G35: Adult | H35: Cinnamon | I35: Cinnamon | J35: Gray+ | K35: Gray & Cinnamon selected as Primary. Nothing selected as Highlights. Made executive adjustments. | L35: Above Ground | M35: 2 | N35: In tree | O35: TRUE | P35: FALSE | Q35: FALSE | R35: TRUE | S35: TRUE | T35: FALSE | U35: FALSE | V35: FALSE | W35: FALSE | X35: FALSE | Y35: FALSE | Z35: FALSE | AA35: TRUE | AB35: running (from a dog) | AC35: 14C-PM-895839-17
A36: -73.950802 | B36: 40.76762 | C36: 32B | D36: PM | E36: 43387 | F36: 3 | G36: Adult | H36: Gray | I36: Cinnamon | J36: Gray+Cinnamon | K36: Black on body, White Belly, White tail | L36: Ground Plane | M36: FALSE | N36: in tree | O36: FALSE | P36: FALSE | Q36: FALSE | R36: TRUE | S36: TRUE | T36: FALSE | U36: FALSE | V36: FALSE | W36: FALSE | X36: FALSE | Y36: FALSE | Z36: FALSE | AA36: FALSE | AB36: chased by dog | AC36: 32B-PM-838034-02
A37: -73.955745 | B37: 40.789426 | C37: 02A | D37: PM | E37: 43385 | F37: 25 | G37: Adult | H37: Cinnamon | I37: Gray | J37: Gray+White | K37: Gray, Black, & Cinnamon selected as Primary. Gray, Cinnamon, & White selected as Highlights. Made executive adjustments. | L37: Ground Plane | M37: FALSE | N37: tree | O37: TRUE | P37: FALSE | Q37: FALSE | R37: FALSE | S37: FALSE | T37: FALSE | U37: FALSE | V37: FALSE | W37: FALSE | X37: FALSE | Y37: FALSE | Z37: TRUE | AA37: TRUE | AB37: stole (found?) an entire sandwich | AC37: 02A-PM-590012-29
A38: -73.971582 | B38: 40.776877 | C38: 12F | D38: PM | E38: 43381 | F38: 20 | G38: Adult | H38: Gray | I38: Cinnamon | J38: Cinnamon+Gray | K38: very long tail | L38: Above Ground | M38: 6 | N38: by tree trunk base | O38: FALSE | P38: FALSE | Q38: TRUE | R38: FALSE | S38: FALSE | T38: FALSE | U38: FALSE | V38: FALSE | W38: FALSE | X38: FALSE | Y38: FALSE | Z38: FALSE | AA38: FALSE | AB38: chasing #2 | AC38: 12F-PM-175947-19
A39: -73.978088 | B39: 40.790428 | C39: 05C | D39: AM | E39: 43381 | F39: 5 | G39: Adult | H39: Gray | I39: Cinnamon | J39: Gray+Black, Cinnamon | K39: ran away before I could take a good look | L39: Ground Plane | M39: FALSE | N39: in tree | O39: FALSE | P39: FALSE | Q39: FALSE | R39: FALSE | S39: FALSE | T39: FALSE | U39: FALSE | V39: FALSE | W39: FALSE | X39: FALSE | Y39: FALSE | Z39: FALSE | AA39: TRUE | AB39: chased up a tree by #4 | AC39: 05C-AM-658788-27
A40: -73.959648 | B40: 40.767212 | C40: 40B | D40: PM | E40: 43384 | F40: 23 | G40: Adult | H40: Gray | I40: Black | J40: Gray+Cinnamon | K40: White belly | L40: Above Ground | M40: 5 | N40: in tree | O40: FALSE | P40: FALSE | Q40: TRUE | R40: FALSE | S40: FALSE | T40: FALSE | U40: FALSE | V40: FALSE | W40: FALSE | X40: FALSE | Y40: FALSE | Z40: TRUE | AA40: FALSE | AB40: prancing | AC40: 40B-PM-629547-17
A41: -73.967322 | B41: 40.776011 | C41: 20F | D41: PM | E41: 43384 | F41: 5 | G41: Adult | H41: Cinnamon | I41: White | J41: Gray+ | K41: Gray tail, Cinnamon feet | L41: Ground Plane | M41: FALSE | N41: on tree | O41: FALSE | P41: FALSE | Q41: TRUE | R41: FALSE | S41: TRUE | T41: FALSE | U41: FALSE | V41: FALSE | W41: FALSE | X41: TRUE | Y41: FALSE | Z41: TRUE | AA41: FALSE | AB41: wrestling with child | AC41: 20F-PM-703940-02
A42: -73.977322 | B42: 40.783905 | C42: 31F | D42: PM | E42: 43382 | F42: 20 | G42: Adult | H42: Gray | I42: Cinnamon | J42: Cinnamon+Gray | K42: white back legs | L42: Ground Plane | M42: FALSE | N42: THICK UNDERGROWTH | O42: FALSE | P42: FALSE | Q42: TRUE | R42: FALSE | S42: TRUE | T42: FALSE | U42: FALSE | V42: FALSE | W42: FALSE | X42: FALSE | Y42: FALSE | Z42: TRUE | AA42: FALSE | AB42: caching | AC42: 31F-PM-122783-04
A43: -73.965592 | B43: 40.79275 | C43: 41E | D43: AM | E43: 43393 | F43: 15 | G43: Adult | H43: Gray | I43: Cinnamon | J43: Gray+White | K43: too far to note 30' | L43: Ground Plane | M43: FALSE | N43: Pond area | O43: FALSE | P43: FALSE | Q43: FALSE | R43: FALSE | S43: FALSE | T43: FALSE | U43: FALSE | V43: FALSE | W43: FALSE | X43: FALSE | Y43: FALSE | Z43: FALSE | AA43: TRUE | AB43: running (up tree) | AC43: 41E-AM-132389-09
A44: -73.980078 | B44: 40.776133 | C44: 05D | D44: PM | E44: 43393 | F44: 18 | G44: Adult | H44: Gray | I44: Cinnamon | J44: Gray+ | K44: Nothing selected as Primary. Gray selected as Highlights. Made executive adjustments. | L44: Ground Plane | M44: FALSE | N44: in grass by a grove of tall maples | O44: FALSE | P44: FALSE | Q44: FALSE | R44: FALSE | S44: TRUE | T44: FALSE | U44: FALSE | V44: FALSE | W44: FALSE | X44: FALSE | Y44: FALSE | Z44: FALSE | AA44: FALSE | AB44: standing | AC44: 05D-PM-525337-22
A45: -73.952572 | B45: 40.786947 | C45: 12F | D45: PM | E45: 43387 | F45: 15 | G45: Adult | H45: Gray | I45: Cinnamon | J45: Gray+Cinnamon | K45: Sighting was far away | L45: Ground Plane | M45: FALSE | N45: Climbed fence | O45: FALSE | P45: FALSE | Q45: FALSE | R45: FALSE | S45: FALSE | T45: FALSE | U45: FALSE | V45: FALSE | W45: TRUE | X45: FALSE | Y45: FALSE | Z45: FALSE | AA45: FALSE | AB45: a lot of activity | AC45: 12F-PM-660393-29
A46: -73.973023 | B46: 40.796104 | C46: 04I | D46: AM | E46: 43382 | F46: 2 | G46: Adult | H46: Gray | I46: Gray | J46: Gray+Cinnamon, White | K46: Gray & Cinnamon selected as Primary. Cinnamon selected as Highlights. Made executive adjustments. | L46: Ground Plane | M46: FALSE | N46: on a tree | O46: FALSE | P46: FALSE | Q46: FALSE | R46: FALSE | S46: TRUE | T46: FALSE | U46: FALSE | V46: FALSE | W46: FALSE | X46: FALSE | Y46: FALSE | Z46: TRUE | AA46: TRUE | AB46: sitting and watching on a tree | AC46: 04I-AM-514858-28
A47: -73.960331 | B47: 40.786594 | C47: 19C | D47: AM | E47: 43387 | F47: 29 | G47: Juvenile | H47: Cinnamon | I47: White | J47: Gray+Cinnamon, White | K47: Gray tail, Cinnamon feet | L47: Ground Plane | M47: FALSE | N47: Behind fence, grass | O47: FALSE | P47: TRUE | Q47: FALSE | R47: FALSE | S47: FALSE | T47: FALSE | U47: FALSE | V47: FALSE | W47: FALSE | X47: FALSE | Y47: FALSE | Z47: TRUE | AA47: FALSE | AB47: 2/3 were chasing each other | AC47: 19C-AM-991703-21
A48: -73.971359 | B48: 40.773113 | C48: 03D | D48: PM | E48: 43382 | F48: 13 | G48: Juvenile | H48: Black | I48: Cinnamon, White | J48: Gray+Cinnamon | K48: Gray & Cinnamon selected as Primary: "much browner, like 1/2 & 1/2". | L48: Ground Plane | M48: FALSE | N48: On top of park lamp | O48: TRUE | P48: FALSE | Q48: FALSE | R48: FALSE | S48: FALSE | T48: FALSE | U48: FALSE | V48: FALSE | W48: FALSE | X48: FALSE | Y48: FALSE | Z48: FALSE | AA48: FALSE | AB48: small jumps | AC48: 03D-PM-522136-26
A49: -73.964809 | B49: 40.76577 | C49: 07C | D49: PM | E49: 43380 | F49: 4 | G49: Adult | H49: Gray | I49: Gray | J49: Gray+Cinnamon | K49: Side stripes | L49: Ground Plane | M49: FALSE | N49: tree | O49: FALSE | P49: FALSE | Q49: FALSE | R49: FALSE | S49: TRUE | T49: FALSE | U49: FALSE | V49: FALSE | W49: FALSE | X49: FALSE | Y49: FALSE | Z49: TRUE | AA49: TRUE | AB49: watching | AC49: 07C-PM-151944-20
A50: -73.963972 | B50: 40.795545 | C50: 34I | D50: PM | E50: 43380 | F50: 10 | G50: Adult | H50: Cinnamon | I50: White | J50: Gray+Black | K50: Very far, so appx | L50: Ground Plane | M50: FALSE | N50: in between 2 trees | O50: FALSE | P50: FALSE | Q50: FALSE | R50: FALSE | S50: TRUE | T50: FALSE | U50: FALSE | V50: FALSE | W50: FALSE | X50: FALSE | Y50: FALSE | Z50: FALSE | AA50: FALSE | AB50: digging | AC50: 34I-PM-223452-17
A51: -73.975347 | B51: 40.76566 | C51: 04C | D51: PM | E51: 43383 | F51: 13 | G51: Adult | H51: Gray | I51: Cinnamon | J51: Gray+White | K51: Cinnamon on its head | L51: Ground Plane | M51: FALSE | N51: treed area | O51: FALSE | P51: FALSE | Q51: FALSE | R51: FALSE | S51: FALSE | T51: FALSE | U51: FALSE | V51: FALSE | W51: FALSE | X51: FALSE | Y51: FALSE | Z51: FALSE | AA51: FALSE | AB51: nut in mouth | AC51: 04C-PM-828282-09
A52: -73.950678 | B52: 40.795707 | C52: 04E | D52: PM | E52: 43382 | F52: 10 | G52: Adult | H52: Gray | I52: White | J52: Gray+Cinnamon | K52: White belly | L52: Ground Plane | M52: FALSE | N52: climbing in bush | O52: FALSE | P52: FALSE | Q52: TRUE | R52: FALSE | S52: FALSE | T52: FALSE | U52: FALSE | V52: FALSE | W52: FALSE | X52: FALSE | Y52: FALSE | Z52: TRUE | AA52: FALSE | AB52: hunkered down,tail over body; sitting perfectly still | AC52: 04E-PM-792984-08
... A56: -73.962363 | B56: 40.800046 | C56: 31F | D56: AM | E56: 43383 | F56: 3 | G56: Adult | H56: Gray | I56: White | J56: Gray+ | K56: Black on body, White Belly, White tail | L56: Ground Plane | M56: FALSE | N56: on tree, blue jays gathering nearby | O56: FALSE | P56: FALSE | Q56: FALSE | R56: FALSE | S56: TRUE | T56: FALSE | U56: FALSE | V56: FALSE | W56: FALSE | X56: FALSE | Y56: FALSE | Z56: FALSE | AA56: FALSE | AB56: digging | AC56: 31F-AM-773606-11
A57: -73.952178 | B57: 40.777258 | C57: 13C | D57: AM | E57: 43384 | F57: 16 | G57: Adult | H57: Gray | I57: White | J57: Gray+Cinnamon | K57: tuft on butt | L57: Above Ground | M57: 25 | N57: in grass | O57: FALSE | P57: FALSE | Q57: TRUE | R57: FALSE | S57: TRUE | T57: FALSE | U57: FALSE | V57: FALSE | W57: FALSE | X57: FALSE | Y57: FALSE | Z57: TRUE | AA57: TRUE | AB57: chasing #3 | AC57: 13C-AM-150111-15
A58: -73.978377 | B58: 40.791922 | C58: 02E | D58: AM | E58: 43388 | F58: 14 | G58: Adult | H58: Gray | I58: Gray | J58: Gray+ | K58: Cinnamon on the tail | L58: Ground Plane | M58: FALSE | N58: near a brush | O58: FALSE | P58: FALSE | Q58: TRUE | R58: FALSE | S58: FALSE | T58: FALSE | U58: FALSE | V58: FALSE | W58: FALSE | X58: FALSE | Y58: FALSE | Z58: FALSE | AA58: FALSE | AB58: eating bread it found on ground | AC58: 02E-AM-218423-05
A59: -73.974998 | B59: 40.779062 | C59: 20B | D59: PM | E59: 43382 | F59: 9 | G59: Juvenile | H59: Gray | I59: Cinnamon | J59: Gray+White | K59: Cinnamon along back & tail | L59: Ground Plane | M59: FALSE | N59: bushes | O59: FALSE | P59: TRUE | Q59: TRUE | R59: FALSE | S59: FALSE | T59: FALSE | U59: FALSE | V59: FALSE | W59: FALSE | X59: FALSE | Y59: FALSE | Z59: FALSE | AA59: FALSE | AB59: planting acorns | AC59: 20B-PM-271954-06
A60: -73.979737 | B60: 40.781806 | C60: 13F | D60: PM | E60: 43391 | F60: 30 | G60: Adult | H60: Gray | I60: White | J60: Gray+ | K60: had .5 of a tail | L60: Above Ground | M60: 4 | N60: tree | O60: FALSE | P60: FALSE | Q60: FALSE | R60: FALSE | S60: TRUE | T60: FALSE | U60: FALSE | V60: FALSE | W60: FALSE | X60: FALSE | Y60: FALSE | Z60: FALSE | AA60: FALSE | AB60: hopping | AC60: 13F-PM-554134-29
A61: -73.970931 | B61: 40.787004 | C61: 11E | D61: AM | E61: 43390 | F61: 21 | G61: Adult | H61: Black | I61: Gray | J61: Gray+White | K61: !!! | L61: Above Ground | M61: 3 | N61: tree | O61: FALSE | P61: FALSE | Q61: FALSE | R61: FALSE | S61: TRUE | T61: FALSE | U61: FALSE | V61: FALSE | W61: FALSE | X61: FALSE | Y61: FALSE | Z61: FALSE | AA61: FALSE | AB61: standing | AC61: 11E-AM-897101-20
A62: -73.96894 | B62: 40.795671 | C62: 13E | D62: PM | E62: 43380 | F62: 11 | G62: Juvenile | H62: Gray | I62: White | J62: Gray+ | K62: Cinnamon head | L62: Ground Plane | M62: FALSE | N62: grass | O62: FALSE | P62: FALSE | Q62: FALSE | R62: FALSE | S62: TRUE | T62: FALSE | U62: FALSE | V62: FALSE | W62: FALSE | X62: FALSE | Y62: FALSE | Z62: FALSE | AA62: FALSE | AB62: watching me scratching | AC62: 13E-PM-741144-14
A63: -73.972628 | B63: 40.799558 | C63: 35B | D63: PM | E63: 43391 | F63: 3 | G63: Adult | H63: Gray | I63: White | J63: Gray+ | K63: white tail tip | L63: Above Ground | M63: 15 | N63: in tree | O63: FALSE | P63: FALSE | Q63: TRUE | R63: TRUE | S63: FALSE | T63: FALSE | U63: FALSE | V63: FALSE | W63: FALSE | X63: FALSE | Y63: FALSE | Z63: TRUE | AA63: FALSE | AB63: nut in mouth | AC63: 35B-PM-893667-27
A64: -73.955106 | B64: 40.79196 | C64: 14I | D64: AM | E64: 43388 | F64: 5 | G64: Adult | H64: Gray | I64: Cinnamon | J64: Gray+ | K64: Gray & White selected as Primary. Black & Cinnamon selected as Highlights. Made executive adjustments. | L64: Ground Plane | M64: FALSE | N64: climbed a fence | O64: TRUE | P64: FALSE | Q64: FALSE | R64: FALSE | S64: FALSE | T64: FALSE | U64: FALSE | V64: FALSE | W64: FALSE | X64: FALSE | Y64: FALSE | Z64: TRUE | AA64: FALSE | AB64: holding nut | AC64: 14I-AM-281385-02
A65: -73.969943 | B65: 40.779619 | C65: 04E | D65: AM | E65: 43387 | F65: 29 | G65: Adult | H65: Gray | I65: Cinnamon | J65: Cinnamon+Gray, White | K65: Fat! | L65: Above Ground | M65: 3 | N65: under a tree | O65: FALSE | P65: FALSE | Q65: FALSE | R65: FALSE | S65: FALSE | T65: FALSE | U65: FALSE | V65: FALSE | W65: FALSE | X65: FALSE | Y65: FALSE | Z65: TRUE | AA65: FALSE | AB65: jumping back & forth on tree | AC65: 04E-AM-937624-04
A66: -73.972327 | B66: 40.779746 | C66: 13D | D66: AM | E66: 43388 | F66: 10 | G66: Adult | H66: Gray | I66: Cinnamon | J66: Cinnamon+White | K66: Beautiful white puff at the end of its tail | L66: Ground Plane | M66: FALSE | N66: tree & ground | O66: FALSE | P66: FALSE | Q66: TRUE | R66: FALSE | S66: TRUE | T66: FALSE | U66: FALSE | V66: FALSE | W66: FALSE | X66: FALSE | Y66: FALSE | Z66: TRUE | AA66: FALSE | AB66: chasing (#7) | AC66: 13D-AM-111593-01
A67: -73.964098 | B67: 40.790879 | C67: 06F | D67: PM | E67: 43393 | F67: 13 | G67: Adult | H67: Gray | I67: Gray, White | J67: Gray+ | K67: Gray, Black, & Cinnamon selected as Primary. Gray, Black, & White selected as Highlights. Made executive adjustments. | L67: Ground Plane | M67: FALSE | N67: treed area | O67: FALSE | P67: FALSE | Q67: FALSE | R67: FALSE | S67: FALSE | T67: FALSE | U67: FALSE | V67: FALSE | W67: FALSE | X67: FALSE | Y67: FALSE | Z67: TRUE | AA67: FALSE | AB67: together w/ #7 | AC67: 06F-PM-127885-18
A68: -73.976728 | B68: 40.773317 | C68: 15G | D68: PM | E68: 43385 | F68: 4 | G68: Adult | H68: Gray | I68: Cinnamon | J68: Gray+Cinnamon, White | K68: cinnamon tail | L68: Above Ground | M68: 40 | N68: bench | O68: FALSE | P68: FALSE | Q68: TRUE | R68: TRUE | S68: TRUE | T68: FALSE | U68: FALSE | V68: FALSE | W68: FALSE | X68: FALSE | Y68: FALSE | Z68: TRUE | AA68: FALSE | AB68: running (with food in mouth) | AC68: 15G-PM-502507-19
A69: -73.95594 | B69: 40.7688 | C69: 05E | D69: AM | E69: 43382 | F69: 24 | G69: Adult | H69: Gray | I69: White | J69: Gray+White | K69: dark gray | L69: Ground Plane | M69: FALSE | N69: in tree | O69: FALSE | P69: FALSE | Q69: TRUE | R69: FALSE | S69: TRUE | T69: FALSE | U69: FALSE | V69: FALSE | W69: TRUE | X69: FALSE | Y69: FALSE | Z69: FALSE | AA69: TRUE | AB69: cleaning | AC69: 05E-AM-287542-12
A70: -73.978815 | B70: 40.777396 | C70: 35A | D70: PM | E70: 43381 | F70: 13 | G70: Adult | H70: Gray | I70: White | J70: Gray+Black, Cinnamon, White | K70: White legs, front & back | L70: Ground Plane | M70: FALSE | N70: tree | O70: FALSE | P70: FALSE | Q70: FALSE | R70: FALSE | S70: FALSE | T70: FALSE | U70: FALSE | V70: FALSE | W70: FALSE | X70: TRUE | Y70: FALSE | Z70: FALSE | AA70: FALSE | AB70: climbing fence! | AC70: 35A-PM-486712-28
A71: -73.950134 | B71: 40.775024 | C71: 07B | D71: AM | E71: 43388 | F71: 12 | G71: Adult | H71: Gray | I71: Cinnamon | J71: Gray+Cinnamon | K71: White selected as Primary. Cinnamon selected as Highlights. Made executive adjustments. | L71: Ground Plane | M71: FALSE | N71: tree | O71: FALSE | P71: FALSE | Q71: FALSE | R71: TRUE | S71: FALSE | T71: FALSE | U71: FALSE | V71: FALSE | W71: FALSE | X71: FALSE | Y71: FALSE | Z71: TRUE | AA71: TRUE | AB71: playing | AC71: 07B-AM-169668-04
A72: -73.956882 | B72: 40.775343 | C72: 34H | D72: AM | E72: 43392 | F72: 5 | G72: Juvenile | H72: Gray | I72: White | J72: Gray+White | K72: Tiny! So tiny! | L72: Ground Plane | M72: FALSE | N72: Between park and main drag | O72: FALSE | P72: FALSE | Q72: TRUE | R72: FALSE | S72: TRUE | T72: FALSE | U72: FALSE | V72: FALSE | W72: FALSE | X72: TRUE | Y72: FALSE | Z72: FALSE | AA72: TRUE | AB72: for food | AC72: 34H-AM-231916-18
A73: -73.974912 | B73: 40.773135 | C73: 35D | D73: AM | E73: 43393 | F73: 10 | G73: Adult | H73: Gray | I73: Cinnamon, White | J73: Gray+ | K73: patches of white on haunches | L73: Ground Plane | M73: FALSE | N73: in tree | O73: FALSE | P73: FALSE | Q73: TRUE | R73: FALSE | S73: TRUE | T73: FALSE | U73: FALSE | V73: FALSE | W73: FALSE | X73: TRUE | Y73: TRUE | Z73: TRUE | AA73: FALSE | AB73: being chased by #3 across trees | AC73: 35D-AM-918301-29
A74: -73.980985 | B74: 40.766393 | C74: 15G | D74: PM | E74: 43381 | F74: 28 | G74: Adult | H74: Gray | I74: Gray | J74: Gray+Cinnamon | K74: Only peeked head out | L74: Ground Plane | M74: FALSE | N74: root bed of tree | O74: TRUE | P74: FALSE | Q74: TRUE | R74: FALSE | S74: TRUE | T74: TRUE | U74: FALSE | V74: FALSE | W74: FALSE | X74: FALSE | Y74: FALSE | Z74: TRUE | AA74: FALSE | AB74: posing | AC74: 15G-PM-920843-16
A75: -73.955523 | B75: 40.76554 | C75: 17B | D75: PM | E75: 43387 | F75: 24 | G75: Adult | H75: Cinnamon | I75: White | J75: Gray+Black, Cinnamon, White | K75: White belly | L75: Ground Plane | M75: FALSE | N75: tree | O75: FALSE | P75: FALSE | Q75: FALSE | R75: TRUE | S75: TRUE | T75: FALSE | U75: FALSE | V75: FALSE | W75: FALSE | X75: FALSE | Y75: FALSE | Z75: FALSE | AA75: FALSE | AB75: chasing (#7),playing? | AC75: 17B-PM-922134-06
A76: -73.958937 | B76: 40.799686 | C76: 17B | D76: AM | E76: 43383 | F76: 9 | G76: Adult | H76: Gray | I76: White | J76: Gray+Cinnamon | K76: Gray, Cinnamon & White selected as Primary. White selected as Highlights. Made executive adjustments. | L76: Ground Plane | M76: FALSE | N76: in tree | O76: FALSE | P76: FALSE | Q76: FALSE | R76: FALSE | S76: FALSE | T76: FALSE | U76: FALSE | V76: FALSE | W76: FALSE | X76: FALSE | Y76: FALSE | Z76: TRUE | AA76: FALSE | AB76: dead | AC76: 17B-AM-622459-28
A77: -73.958241 | B77: 40.779972 | C77: 38I | D77: AM | E77: 43391 | F77: 20 | G77: Juvenile | H77: Gray | I77: Cinnamon | J77: Gray+ | K77: white haunches/tail | L77: Ground Plane | M77: FALSE | N77: on tree knob | O77: FALSE | P77: FALSE | Q77: FALSE | R77: FALSE | S77: FALSE | T77: FALSE | U77: FALSE | V77: FALSE | W77: FALSE | X77: FALSE | Y77: FALSE | Z77: FALSE | AA77: FALSE | AB77: burying | AC77: 38I-AM-991910-24
A78: -73.956912 | B78: 40.778442 | C78: 15F | D78: AM | E78: 43393 | F78: 7 | G78: Adult | H78: Gray | I78: Gray, White | J78: Gray+ | K78: white on tail | L78: Ground Plane | M78: FALSE | N78: Under the tree | O78: FALSE | P78: FALSE | Q78: FALSE | R78: TRUE | S78: TRUE | T78: FALSE | U78: FALSE | V78: FALSE | W78: FALSE | X78: FALSE | Y78: FALSE | Z78: TRUE | AA78: FALSE | AB78: wresting w/ branch | AC78: 15F-AM-629064-10
A79: -73.978831 | B79: 40.78884 | C79: 09F | D79: PM | E79: 43381 | F79: 2 | G79: Adult | H79: Gray | I79: Cinnamon | J79: Gray+White | K79: Gray & Cinnamon selected as Primary. Cinnamon & White selected as Highlights. Made executive adjustments. | L79: Ground Plane | M79: FALSE | N79: right at the base of the same tree as #3 | O79: FALSE | P79: FALSE | Q79: FALSE | R79: TRUE | S79: TRUE | T79: FALSE | U79: FALSE | V79: FALSE | W79: FALSE | X79: FALSE | Y79: FALSE | Z79: TRUE | AA79: FALSE | AB79: digging (?) | AC79: 09F-PM-511940-27
A80: -73.96989 | B80: 40.772595 | C80: 07D | D80: PM | E80: 43393 | F80: 22 | G80: Adult | H80: Gray | I80: Cinnamon, White | J80: Gray+White | K80: white tail tip | L80: Above Ground | M80: 5 | N80: Also way up | O80: FALSE | P80: FALSE | Q80: FALSE | R80: TRUE | S80: TRUE | T80: FALSE | U80: FALSE | V80: FALSE | W80: FALSE | X80: FALSE | Y80: FALSE | Z80: TRUE | AA80: FALSE | AB80: communicating from tree | AC80: 07D-PM-769460-04
A81: -73.977516 | B81: 40.798357 | C81: 34A | D81: AM | E81: 43383 | F81: 24 | G81: Adult | H81: Cinnamon | I81: Cinnamon | J81: Gray+Cinnamon | K81: Black stripe along sides | L81: Ground Plane | M81: FALSE | N81: running up tree | O81: TRUE | P81: FALSE | Q81: FALSE | R81: FALSE | S81: FALSE | T81: FALSE | U81: FALSE | V81: FALSE | W81: TRUE | X81: FALSE | Y81: FALSE | Z81: FALSE | AA81: FALSE | AB81: grooming | AC81: 34A-AM-422866-29
A82: -73.954025 | B82: 40.792596 | C82: 14E | D82: AM | E82: 43380 | F82: 28 | G82: Adult | H82: Gray | I82: Gray, White | J82: + | K82: Gray & Cinnamon selected as Primary. White selected as Higlights. Made executive adjustments. | L82: Ground Plane | M82: FALSE | N82: Jumped onto path & then back into brush | O82: FALSE | P82: FALSE | Q82: TRUE | R82: TRUE | S82: TRUE | T82: FALSE | U82: FALSE | V82: FALSE | W82: FALSE | X82: FALSE | Y82: FALSE | Z82: FALSE | AA82: FALSE | AB82: burying | AC82: 14E-AM-599270-13
A83: -73.961564 | B83: 40.768059 | C83: 03D | D83: AM | E83: 43389 | F83: 23 | G83: Adult | H83: Gray | I83: Cinnamon, White | J83: Gray+ | K83: just outside hectare | L83: Above Ground | M83: 3 | N83: chasing from tree to ground | O83: TRUE | P83: FALSE | Q83: TRUE | R83: TRUE | S83: FALSE | T83: FALSE | U83: FALSE | V83: FALSE | W83: FALSE | X83: FALSE | Y83: FALSE | Z83: FALSE | AA83: TRUE | AB83: standing | AC83: 03D-AM-703756-21
A84: -73.970756 | B84: 40.779613 | C84: 02E | D84: PM | E84: 43382 | F84: 7 | G84: Adult | H84: Gray | I84: Cinnamon, White | J84: Gray+Cinnamon | K84: standard coloration | L84: Above Ground | M84: 5 | N84: shelter in hole in tree | O84: TRUE | P84: FALSE | Q84: FALSE | R84: FALSE | S84: TRUE | T84: FALSE | U84: FALSE | V84: FALSE | W84: FALSE | X84: FALSE | Y84: FALSE | Z84: FALSE | AA84: TRUE | AB84: walking | AC84: 02E-PM-777078-18
A85: -73.979161 | B85: 40.795863 | C85: 12D | D85: AM | E85: 43388 | F85: 8 | G85: Juvenile | H85: Gray | I85: Cinnamon | J85: Cinnamon+ | K85: just outside hectare | L85: Ground Plane | M85: FALSE | N85: climbing in bush | O85: FALSE | P85: FALSE | Q85: TRUE | R85: FALSE | S85: FALSE | T85: FALSE | U85: FALSE | V85: FALSE | W85: FALSE | X85: FALSE | Y85: FALSE | Z85: TRUE | AA85: FALSE | AB85: carrying food in mouth | AC85: 12D-AM-775000-25
A86: -73.971382 | B86: 40.798173 | C86: 37B | D86: AM | E86: 43380 | F86: 7 | G86: Adult | H86: Gray | I86: White | J86: Gray+Cinnamon | K86: just outside hectare | L86: Above Ground | M86: 4 | N86: Jumped onto path & then back into brush | O86: FALSE | P86: FALSE | Q86: TRUE | R86: FALSE | S86: FALSE | T86: FALSE | U86: FALSE | V86: FALSE | W86: FALSE | X86: TRUE | Y86: FALSE | Z86: FALSE | AA86: FALSE | AB86: sitting | AC86: 37B-AM-207644-09
A87: -73.970936 | B87: 40.781367 | C87: 03A | D87: AM | E87: 43380 | F87: 21 | G87: Adult | H87: Cinnamon | I87: White | J87: Gray+ | K87: injured | L87: Ground Plane | M87: FALSE | N87: Rock a | O87: FALSE | P87: FALSE | Q87: TRUE | R87: FALSE | S87: FALSE | T87: TRUE | U87: FALSE | V87: FALSE | W87: FALSE | X87: FALSE | Y87: FALSE | Z87: TRUE | AA87: FALSE | AB87: cleaning | AC87: 03A-AM-499596-13
A88: -73.958222 | B88: 40.786508 | C88: 03B | D88: PM | E88: 43390 | F88: 23 | G88: Adult | H88: Gray | I88: Cinnamon, White | J88: Gray+Cinnamon | K88: Very far, so appx | L88: Above Ground | M88: 12 | N88: Rock | O88: TRUE | P88: FALSE | Q88: FALSE | R88: TRUE | S88: FALSE | T88: FALSE | U88: FALSE | V88: FALSE | W88: FALSE | X88: FALSE | Y88: FALSE | Z88: TRUE | AA88: TRUE | AB88: stole (found?) an entire sandwich | AC88: 03B-PM-359876-26
A89: -73.961116 | B89: 40.770792 | C89: 05A | D89: PM | E89: 43386 | F89: 29 | G89: Adult | H89: Gray | I89: Cinnamon | J89: Cinnamon+Gray | K89: young adult | L89: Ground Plane | M89: FALSE | N89: tree | O89: FALSE | P89: FALSE | Q89: FALSE | R89: FALSE | S89: FALSE | T89: TRUE | U89: FALSE | V89: FALSE | W89: FALSE | X89: FALSE | Y89: FALSE | Z89: FALSE | AA89: FALSE | AB89: unknown | AC89: 05A-PM-653867-25
A90: -73.953267 | B90: 40.799808 | C90: 23B | D90: AM | E90: 43379 | F90: 14 | G90: Juvenile | H90: Gray | I90: Black | J90: Gray+ | K90: white back legs | L90: Ground Plane | M90: FALSE | N90: Also way up | O90: TRUE | P90: FALSE | Q90: FALSE | R90: TRUE | S90: FALSE | T90: FALSE | U90: FALSE | V90: FALSE | W90: FALSE | X90: FALSE | Y90: FALSE | Z90: TRUE | AA90: FALSE | AB90: climbing (over small wire fence then on the ground) | AC90: 23B-AM-754272-18
A91: -73.966314 | B91: 40.773067 | C91: 40D | D91: PM | E91: 43392 | F91: 26 | G91: Adult | H91: Gray | I91: Gray | J91: Cinnamon+Gray, White | K91: young adult | L91: Ground Plane | M91: FALSE | N91: in grass | O91: FALSE | P91: TRUE | Q91: FALSE | R91: FALSE | S91: TRUE | T91: FALSE | U91: FALSE | V91: FALSE | W91: FALSE | X91: FALSE | Y91: FALSE | Z91: TRUE | AA91: FALSE | AB91: wresting w/ branch | AC91: 40D-PM-783897-21
A92: -73.977399 | B92: 40.798102 | C92: 16C | D92: PM | E92: 43385 | F92: 19 | G92: Adult | H92: Gray | I92: Cinnamon | J92: Cinnamon+Gray | K92: Listed as primary white with cinnamon highlights, I changed to Gray/cinnamon - JO | L92: Above Ground | M92: 8 | N92: Grass | O92: FALSE | P92: FALSE | Q92: FALSE | R92: FALSE | S92: TRUE | T92: FALSE | U92: FALSE | V92: FALSE | W92: FALSE | X92: FALSE | Y92: FALSE | Z92: FALSE | AA92: FALSE | AB92: sitting | AC92: 16C-PM-862996-22
A93: -73.958736 | B93: 40.787783 | C93: 15A | D93: AM | E93: 43383 | F93: 5 | G93: Adult | H93: Gray | I93: Cinnamon, White | J93: Gray+ | K93: white back legs | L93: Ground Plane | M93: FALSE | N93: in tree | O93: TRUE | P93: FALSE | Q93: FALSE | R93: TRUE | S93: TRUE | T93: FALSE | U93: FALSE | V93: FALSE | W93: FALSE | X93: FALSE | Y93: FALSE | Z93: FALSE | AA93: TRUE | AB93: walking | AC93: 15A-AM-189661-24
A94: -73.957242 | B94: 40.786308 | C94: 15G | D94: PM | E94: 43393 | F94: 23 | G94: Adult | H94: Gray | I94: White | J94: Gray+Cinnamon, White | K94: Cinnamon & White selected as Primary. Cinnamon & White selected as Highlights. Made executive adjustments. | L94: Ground Plane | M94: FALSE | N94: in middle of path | O94: FALSE | P94: FALSE | Q94: FALSE | R94: FALSE | S94: FALSE | T94: FALSE | U94: FALSE | V94: FALSE | W94: FALSE | X94: FALSE | Y94: TRUE | Z94: FALSE | AA94: FALSE | AB94: sitting | AC94: 15G-PM-823344-10
A95: -73.963514 | B95: 40.782961 | C95: 05D | D95: AM | E95: 43389 | F95: 25 | G95: Adult | H95: Gray | I95: White | J95: Gray+Cinnamon | K95: Cinnamon tail & belly | L95: Ground Plane | M95: FALSE | N95: tree | O95: TRUE | P95: FALSE | Q95: TRUE | R95: FALSE | S95: FALSE | T95: FALSE | U95: FALSE | V95: FALSE | W95: FALSE | X95: FALSE | Y95: FALSE | Z95: TRUE | AA95: FALSE | AB95: eating (a mushroom),circles around us,really fat,scratching himself,grooming activity | AC95: 05D-AM-248283-09
A96: -73.956922 | B96: 40.773032 | C96: 01D | D96: PM | E96: 43386 | F96: 18 | G96: Adult | H96: Gray | I96: Cinnamon | J96: Gray+Cinnamon | K96: Only peeked head out | L96: Above Ground | M96: 40 | N96: In small tree by water | O96: FALSE | P96: FALSE | Q96: TRUE | R96: TRUE | S96: TRUE | T96: FALSE | U96: FALSE | V96: FALSE | W96: FALSE | X96: FALSE | Y96: FALSE | Z96: TRUE | AA96: FALSE | AB96: digging | AC96: 01D-PM-133971-08
A97: -73.965635 | B97: 40.771126 | C97: 40E | D97: AM | E97: 43379 | F97: 20 | G97: Adult | H97: Cinnamon | I97: White | J97: Gray+Cinnamon, White | K97: white on tail | L97: Above Ground | M97: 30 | N97: in tree | O97: FALSE | P97: FALSE | Q97: TRUE | R97: FALSE | S97: FALSE | T97: FALSE | U97: FALSE | V97: FALSE | W97: FALSE | X97: FALSE | Y97: FALSE | Z97: FALSE | AA97: TRUE | AB97: playing w/ #9 | AC97: 40E-AM-729211-15
A98: -73.964726 | B98: 40.772674 | C98: 06G | D98: AM | E98: 43389 | F98: 12 | G98: Adult | H98: Gray | I98: Cinnamon, White | J98: Gray+Black, Cinnamon, White | K98: Cinnamon head, White belly | L98: Ground Plane | M98: FALSE | N98: Running from one tree to the other | O98: FALSE | P98: FALSE | Q98: TRUE | R98: FALSE | S98: FALSE | T98: FALSE | U98: FALSE | V98: FALSE | W98: FALSE | X98: FALSE | Y98: FALSE | Z98: FALSE | AA98: FALSE | AB98: cleaning | AC98: 06G-AM-641516-28
A99: -73.967718 | B99: 40.771475 | C99: 09C | D99: PM | E99: 43385 | F99: 23 | G99: Adult | H99: Gray | I99: White | J99: Gray+ | K99: Brown legs | L99: Ground Plane | M99: FALSE | N99: bushes | O99: FALSE | P99: FALSE | Q99: FALSE | R99: FALSE | S99: FALSE | T99: FALSE | U99: FALSE | V99: FALSE | W99: FALSE | X99: FALSE | Y99: FALSE | Z99: FALSE | AA99: FALSE | AB99: standing on back legs | AC99: 09C-PM-854932-17
A100: -73.980359 | B100: 40.792358 | C100: 39B | D100: PM | E100: 43383 | F100: 17 | G100: Adult | H100: Gray | I100: White | J100: Gray+Cinnamon | K100: Blonde? in Highlights | L100: Ground Plane | M100: FALSE | N100: on fence | O100: FALSE | P100: FALSE | Q100: FALSE | R100: FALSE | S100: FALSE | T100: FALSE | U100: FALSE | V100: FALSE | W100: FALSE | X100: FALSE | Y100: FALSE | Z100: FALSE | AA100: FALSE | AB100: playing w/ #8 | AC100: 39B-PM-194845-09
A101: -73.977767 | B101: 40.777238 | C101: 11B | D101: PM | E101: 43382 | F101: 13 | G101: Adult | H101: Gray | I101: Cinnamon, White | J101: Gray+Cinnamon | K101: Cinnamon flanks | L101: Ground Plane | M101: FALSE | N101: ran to tree | O101: TRUE | P101: FALSE | Q101: FALSE | R101: FALSE | S101: FALSE | T101: FALSE | U101: FALSE | V101: FALSE | W101: FALSE | X101: FALSE | Y101: FALSE | Z101: FALSE | AA101: FALSE | AB101: was hanging out w/ #2 until i showed up | AC101: 11B-PM-140503-21
A102: -73.980171 | B102: 40.766947 | C102: 18H | D102: PM | E102: 43385 | F102: 2 | G102: Adult | H102: Gray | I102: Cinnamon, White | J102: Gray+Cinnamon | K102: Cinnamon along tail & back | L102: Above Ground | M102: 20 | N102: Ground & Tree Base | O102: TRUE | P102: FALSE | Q102: FALSE | R102: TRUE | S102: TRUE | T102: TRUE | U102: FALSE | V102: FALSE | W102: FALSE | X102: FALSE | Y102: FALSE | Z102: TRUE | AA102: FALSE | AB102: playing,interacting with #6 | AC102: 18H-PM-732413-11
A103: -73.961152 | B103: 40.799031 | C103: 04B | D103: AM | E103: 43388 | F103: 25 | G103: Juvenile | H103: Gray | I103: Cinnamon | J103: Gray+Cinnamon | K103: No real highlight, White tail? | L103: Ground Plane | M103: FALSE | N103: Tree | O103: FALSE | P103: FALSE | Q103: FALSE | R103: FALSE | S103: TRUE | T103: FALSE | U103: FALSE | V103: FALSE | W103: TRUE | X103: TRUE | Y103: FALSE | Z103: FALSE | AA103: FALSE | AB103: foraging (foraged,ran to tree root,munched) | AC103: 04B-AM-268925-04
...
